,word,frequency,category
0,预防,67,0
1,新型,43,0
2,冠状病毒,43,0
3,肺炎,30,0
4,吃,23,0
5,传播,12,0
6,杀灭,10,0
7,疫苗,8,0
8,喝,8,0
9,大蒜,6,0
10,中国,5,0
11,年,5,0
12,世卫,4,0
13,组织,4,0
14,病毒感染,4,0
15,防治,4,0
16,防新冠,4,0
17,杀死,4,0
18,抵抗,4,0
19,2018,4,0
20,发现,4,0
21,提高,3,0
22,临床试验,3,0
23,抗体,3,0
24,药物,3,0
25,盐水,3,0
26,晒太阳,3,0
27,口罩,3,0
28,洋葱,3,0
29,人体,3,0
30,SARS,3,0
31,烟民,3,0
32,草莓,3,0
33,铁蛋白,3,0
34,漱口,3,0
35,板蓝根,3,0
36,熏醋,3,0
37,服用,3,0
38,水,3,0
39,燃放烟花,3,0
40,定名,3,0
41,SARI,3,0
42,、,3,0
43,人,2,0
44,20,2,0
45,涂抹,2,0
46,洗,2,0
47,水果,2,0
48,蔬菜,2,0
49,病毒传播,2,0
50,窃取,2,0
51,美国,2,0
52,证据,2,0
53,治疗,2,0
54,已,2,0
55,注射,2,0
56,中,2,0
57,上,2,0
58,日本,2,0
59,消毒,2,0
60,挂,2,0
61,身上,2,0
62,试剂盒,2,0
63,自测,2,0
64,俄罗斯,2,0
65,人工合成,2,0
66,尚未,2,0
67,发生,2,0
68,变异,2,0
69,皮肤,2,0
70,侵入,2,0
71,大,2,0
72,长期存在,2,0
73,喉咙,2,0
74,湿润,2,0
75,银离子,2,0
76,抗菌,2,0
77,低于,2,0
78,非,2,0
79,指南,2,0
80,益生菌,2,0
81,防,2,0
82,嚼,2,0
83,干手器,2,0
84,紫外线,2,0
85,吸烟,2,0
86,生理盐水,2,0
87,鼻子,2,0
88,蚊虫,2,0
89,叮咬,2,0
90,免疫力,2,0
91,眼神,2,0
92,双黄连,2,0
93,高度,2,0
94,酒能,2,0
95,桑拿,2,0
96,汗,2,0
97,蒸能,2,0
98,乳,2,0
99,奥司,2,0
100,韦,2,0
101,利巴韦,2,0
102,林,2,0
103,抗生素,2,0
104,熏艾,2,0
105,连花清,1,0
106,瘟,1,0
107,临床,1,0
108,治愈率,1,0
109,蚊蝇,1,0
110,更易,1,0
111,零下,1,0
112,度,1,0
113,存活,1,0
114,并非,1,0
115,指新冠,1,0
116,酒精,1,0
117,鼻腔,1,0
118,发病,1,0
119,男性,1,0
120,生育力,1,0
121,会受,1,0
122,影响,1,0
123,漂白剂,1,0
124,妨碍,1,0
125,西方,1,0
126,研发,1,0
127,倏然,1,0
128,去冬,1,0
129,秋,1,0
130,季节,1,0
131,要存,1,0
132,戒惧,1,0
133,之心,1,0
134,刮风下雨,1,0
135,加速,1,0
136,作用,1,0
137,毒性,1,0
138,并未,1,0
139,减弱,1,0
140,研究成果,1,0
141,鸡屎,1,0
142,藤能,1,0
143,未,1,0
144,收到,1,0
145,不良反应,1,0
146,报告,1,0
147,黑客,1,0
148,试图,1,0
149,美新冠,1,0
150,成果,1,0
151,吉林省,1,0
152,和龙市,1,0
153,一例,1,0
154,病毒感染者,1,0
155,源自,1,0
156,自然界,1,0
157,量子,1,0
158,共振,1,0
159,仪可,1,0
160,准确,1,0
161,检测,1,0
162,尚无,1,0
163,可使,1,0
164,免受,1,0
165,二次,1,0
166,已有,1,0
167,母婴,1,0
168,垂直,1,0
169,河南,1,0
170,焦作,1,0
171,开放,1,0
172,我国,1,0
173,灭,1,0
174,活疫苗,1,0
175,获批,1,0
176,放心,1,0
177,买,1,0
178,！,1,0
179,湖北,1,0
180,产,1,0
181,食盐,1,0
182,不带,1,0
183,猫,1,0
184,高,1,0
185,易感性,1,0
186,现有,1,0
187,研究,1,0
188,证明,1,0
189,杨,1,0
190,柳絮,1,0
191,乙型肝炎,1,0
192,需,1,0
193,长期,1,0
194,服药,1,0
195,蛋白粉,1,0
196,低温,1,0
197,冻死,1,0
198,室温,1,0
199,越高越,1,0
200,免疫增强,1,0
201,剂,1,0
202,纳豆能,1,0
203,期间,1,0
204,吃水果,1,0
205,削皮,1,0
206,健康人,1,0
207,特免,1,0
208,血浆,1,0
209,花岗岩,1,0
210,抗病毒,1,0
211,食物,1,0
212,丙种球蛋白,1,0
213,阿昔洛,1,0
214,韦可,1,0
215,无证据,1,0
216,显示,1,0
217,夏季,1,0
218,消失,1,0
219,CN95,1,0
220,认证,1,0
221,车,1,0
222,黄连,1,0
223,清片,1,0
224,二氧化氯,1,0
225,贴片,1,0
226,松茸,1,0
227,蘑菇,1,0
228,拔头,1,0
229,两侧,1,0
230,白发,1,0
231,除菌卡,1,0
232,（,1,0
233,卡,1,0
234,）,1,0
235,光催化,1,0
236,设备,1,0
237,热水,1,0
238,姜汤,1,0
239,盖,1,0
240,被子,1,0
241,垫,1,0
242,餐巾纸,1,0
243,阻断,1,0
244,沉香,1,0
245,版,1,0
246,吸附,1,0
247,专家,1,0
248,浙江,1,0
249,首批,1,0
250,实验,1,0
251,小鼠,1,0
252,专,1,0
253,或东,1,0
254,亚裔,1,0
255,人种,1,0
256,最快,1,0
257,4,1,0
258,下旬,1,0
259,申报,1,0
260,透过,1,0
261,鸵鸟蛋,1,0
262,传染性,1,0
263,极强,1,0
264,救治,1,0
265,难度,1,0
266,黏膜,1,0
267,穿,1,0
268,防静电,1,0
269,服能,1,0
270,隔绝,1,0
271,液喷,1,0
272,吸烟者,1,0
273,率,1,0
274,左氟沙星,1,0
275,眼药水,1,0
276,眼部,1,0
277,阿莫西林,1,0
278,雄黄,1,0
279,芝麻油,1,0
280,阻止,1,0
281,公众,1,0
282,防疫,1,0
283,闻,1,0
284,钟南山,1,0
285,发布,1,0
286,喝单,1,0
287,枞茶,1,0
288,喝乳,1,0
289,抑制,1,0
290,达菲,1,0
291,病毒灵,1,0
292,淡盐水,1,0
293,蒜瓣,1,0
294,消灭,1,0
295,喝酒,1,0
296,+,1,0
297,吃维,1,0
298,C,1,0
299,患者,1,0
300,自行,1,0
301,抗艾药,1,0
302,克力,1,0
303,芝,1,0
304,辣椒,1,0
305,降低,1,0
306,死亡,1,0
307,风险,1,0
308,治,1,0
309,猪肉,1,0
310,灯,1,0
311,表面,1,0
312,附着,1,0
313,槟榔,1,0
314,抗,1,0
315,保健品,1,0
316,定期,1,0
317,清洗,1,0
318,一图,1,0
319,看,1,0
320,懂,1,0
321,｜,1,0
322,都,1,0
323,怕,1,0
324,速,1,0
325,转速,1,0
326,学,1,0
327,丨,1,0
328,通用,1,0
329,喝水,1,0
330,乳酸菌,1,0
331,素片,1,0
332,鸡蛋,1,0
333,遏制,1,0
334,呼吸道,1,0
335,疾病,1,0
336,流行,1,0
337,在家,1,0
338,途径,1,0
339,变化,1,0
340,证实,1,0
341,系,1,0
342,地铁票,1,0
343,伤,1,0
344,睾丸,1,0
345,伤肾,1,0
346,精油,1,0
347,芳疗,1,0
348,红糖,1,0
349,姜,1,0
350,葱蒜,1,0
351,熬水,1,0
352,养猫,1,0
353,狗,1,0
354,液能,1,0
355,率远,1,0
356,30,1,0
357,秒,1,0
358,内,1,0
359,候鸟,1,0
360,迁徙,1,0
361,携带,1,0
362,研制,1,0
363,18,1,0
364,果蔬,1,0
365,肉蛋,1,0
366,气溶胶,1,0
367,多喝水,1,0
368,分泌,1,0
369,粘液,1,0
370,沐,1,0
371,舒坦,1,0
372,防护,1,0
373,卡挂,1,0
374,下水道,1,0
375,印度,1,0
376,学者,1,0
377,：,1,0
378,人造,1,0
379,粪口,1,0
380,丁香,1,0
381,医生,1,0
382,说,1,0
383,童子,1,0
384,尿,1,0
385,还,1,0
386,金银花,1,0
387,有望,1,0
388,防控,1,0
389,烫,1,0
390,机可,1,0
391,衣服,1,0
392,含,1,0
393,姜片,1,0
394,喝茶,1,0
395,对视,1,0
396,灯能,1,0
397,单枞,1,0
398,茶,1,0
399,收,1,0
400,现金,1,0
401,生物战,1,0
402,恢复,17,1
403,武汉,14,1
404,封城,14,1
405,天,13,1
406,14,12,1
407,吃,10,1
408,5,10,1
409,2,10,1
410,人员,9,1
411,入境,9,1
412,日,9,1
413,4,9,1
414,湖北,9,1
415,隔离,8,1
416,暂停,8,1
417,北京,8,1
418,高速,8,1
419,6,8,1
420,机动车,8,1
421,深圳,7,1
422,限行,7,1
423,不,7,1
424,车辆,7,1
425,海鲜,6,1
426,开放,6,1
427,尾号,6,1
428,口罩,6,1
429,一律,5,1
430,交通运输,5,1
431,部,5,1
432,封路,5,1
433,地区,5,1
434,1,5,1
435,航班,5,1
436,广州,5,1
437,观察,5,1
438,3,5,1
439,封,4,1
440,15,4,1
441,快递,4,1
442,国家,4,1
443,有序,4,1
444,防控,4,1
445,私人,4,1
446,中国,4,1
447,旅客,4,1
448,业务,4,1
449,浙江,4,1
450,野生动物,4,1
451,网传,4,1
452,海关,4,1
453,日后,4,1
454,关门,4,1
455,超市,4,1
456,河北,3,1
457,老板,3,1
458,鱼,3,1
459,旅游,3,1
460,实施,3,1
461,天津,3,1
462,高速公路,3,1
463,封闭,3,1
464,停运,3,1
465,进京,3,1
466,影响,3,1
467,口岸,3,1
468,16,3,1
469,高风险,3,1
470,风险,3,1
471,活动,3,1
472,20,3,1
473,全国,3,1
474,17,3,1
475,区域,3,1
476,暂,3,1
477,全市,3,1
478,期间,3,1
479,只,3,1
480,汽车,3,1
481,鄂,3,1
482,均,3,1
483,防疫,3,1
484,10,3,1
485,宁波,3,1
486,重庆,3,1
487,禁食,3,1
488,停止,3,1
489,居民,3,1
490,不准,3,1
491,湖北省,3,1
492,禁止,3,1
493,关闭,3,1
494,华南,3,1
495,市场,3,1
496,征用,3,1
497,邮寄,3,1
498,某地,3,1
499,121,3,1
500,鱼塘,3,1
501,客运,2,1
502,确诊,2,1
503,地铁,2,1
504,封村,2,1
505,水果,2,1
506,签证,2,1
507,居留,2,1
508,许可,2,1
509,外国人,2,1
510,谣言,2,1
511,发,2,1
512,绥芬河,2,1
513,旅检,2,1
514,通道,2,1
515,满载,2,1
516,50%,2,1
517,措施,2,1
518,民航局,2,1
519,下,2,1
520,文化,2,1
521,旅游部,2,1
522,北京市,2,1
523,吉林市,2,1
524,《,2,1
525,低,2,1
526,举办,2,1
527,主城区,2,1
528,包机,2,1
529,回国,2,1
530,收费,2,1
531,场所,2,1
532,哈尔滨,2,1
533,消费,2,1
534,13,2,1
535,医疗,2,1
536,免费,2,1
537,8,2,1
538,26,2,1
539,需,2,1
540,逾期,2,1
541,未,2,1
542,停工,2,1
543,海关总署,2,1
544,携带,2,1
545,出境,2,1
546,内,2,1
547,第一,2,1
548,点,2,1
549,返京,2,1
550,成都,2,1
551,大米,2,1
552,山西,2,1
553,供应,2,1
554,粮食,2,1
555,返回,2,1
556,广东,2,1
557,陆生,2,1
558,小区,2,1
559,早,2,1
560,出入境,2,1
561,国际,2,1
562,出行,2,1
563,25,2,1
564,境外,2,1
565,自理,2,1
566,已,2,1
567,天门,2,1
568,黑龙江省,2,1
569,杭州,2,1
570,运输,2,1
571,猪肉,2,1
572,物资,2,1
573,车,2,1
574,青岛,2,1
575,捐赠,2,1
576,社区,2,1
577,再次,2,1
578,牛蛙,2,1
579,列入,2,1
580,南站,2,1
581,紧急通知,2,1
582,家畜,2,1
583,家禽,2,1
584,都,2,1
585,进,2,1
586,红灯,2,1
587,外地,2,1
588,城区,2,1
589,网,2,1
590,视频,2,1
591,政协,2,1
592,主席,2,1
593,儿媳,2,1
594,致,2,1
595,广西,2,1
596,公交线路,2,1
597,安排,2,1
598,调整,2,1
599,、,2,1
600,离京,1,1
601,顺平,1,1
602,林江,1,1
603,商厦,1,1
604,卖,1,1
605,带鱼,1,1
606,肉蛋,1,1
607,端午节,1,1
608,一段,1,1
609,时期,1,1
610,省际,1,1
611,雄安,1,1
612,安新县,1,1
613,全封闭,1,1
614,管理,1,1
615,豆制品,1,1
616,有毒,1,1
617,福田区,1,1
618,发现,1,1
619,抵深,1,1
620,病例,1,1
621,9,1,1
622,号线,1,1
623,蓟州,1,1
624,区下,1,1
625,仓镇,1,1
626,批发,1,1
627,村民,1,1
628,检测,1,1
629,阳性,1,1
630,日起持,1,1
631,多条,1,1
632,双向,1,1
633,率应,1,1
634,低于,1,1
635,2020,1,1
636,年,1,1
637,濮阳,1,1
638,可控,1,1
639,前提,1,1
640,适度,1,1
641,增加,1,1
642,具备条件,1,1
643,增幅,1,1
644,社会,1,1
645,艺术,1,1
646,水平,1,1
647,考级,1,1
648,19,1,1
649,传播,1,1
650,链,1,1
651,断链,1,1
652,赣州,1,1
653,南康,1,1
654,发布,1,1
655,号令,1,1
656,停办,1,1
657,因私护照,1,1
658,关停,1,1
659,个体,1,1
660,诊所,1,1
661,门诊部,1,1
662,营业性,1,1
663,演出,1,1
664,中通,1,1
665,揽,1,1
666,派,1,1
667,邯郸市,1,1
668,保定,1,1
669,曲阳县,1,1
670,中旬,1,1
671,五一,1,1
672,假期,1,1
673,后,1,1
674,石家庄市,1,1
675,常态,1,1
676,化限行,1,1
677,东帝汶,1,1
678,华侨,1,1
679,租用,1,1
680,商业,1,1
681,收费公路,1,1
682,零时,1,1
683,呼和浩特,1,1
684,超期,1,1
685,罚款,1,1
686,体育局,1,1
687,室内外,1,1
688,体育,1,1
689,健身,1,1
690,纽约,1,1
691,前往,1,1
692,大庆市,1,1
693,号,1,1
694,巨鹿,1,1
695,沭阳县,1,1
696,食盐,1,1
697,储备,1,1
698,库存,1,1
699,充足,1,1
700,陕西,1,1
701,要发,1,1
702,券,1,1
703,牡丹江,1,1
704,景区,1,1
705,室外,1,1
706,柳州市,1,1
707,奖励,1,1
708,每名援,1,1
709,队员,1,1
710,一辆,1,1
711,停车,1,1
712,终身,1,1
713,电影院,1,1
714,密闭式,1,1
715,娱乐,1,1
716,休闲,1,1
717,低中,1,1
718,开业,1,1
719,全国性,1,1
720,文体活动,1,1
721,跨省,1,1
722,跨境,1,1
723,国,1,1
724,乘机,1,1
725,中国籍,1,1
726,提前,1,1
727,填报,1,1
728,健康,1,1
729,信息,1,1
730,越秀区,1,1
731,矿泉,1,1
732,街,1,1
733,瑶台,1,1
734,片区,1,1
735,日前,1,1
736,清零,1,1
737,检验,1,1
738,车驾,1,1
739,将要,1,1
740,自用,1,1
741,物品,1,1
742,数量,1,1
743,提交,1,1
744,承诺,1,1
745,声明,1,1
746,期满,1,1
747,当天,1,1
748,次日,1,1
749,驾驶,1,1
750,人,1,1
751,考试,1,1
752,粮油,1,1
753,短缺,1,1
754,赶紧,1,1
755,屯米,1,1
756,抢油,1,1
757,清明,1,1
758,出京,1,1
759,居家,1,1
760,东京,1,1
761,人工,1,1
762,繁育,1,1
763,饲养,1,1
764,公共交通,1,1
765,我国,1,1
766,供求,1,1
767,总体,1,1
768,宽松,1,1
769,人民,1,1
770,群众,1,1
771,日常,1,1
772,需求,1,1
773,通关,1,1
774,异常,1,1
775,秦皇岛市,1,1
776,交建里,1,1
777,栋,1,1
778,暂时,1,1
779,持,1,1
780,西班牙,1,1
781,撤侨,1,1
782,登记,1,1
783,登机,1,1
784,国内,1,1
785,航空公司,1,1
786,任一,1,1
787,航线,1,1
788,保留,1,1
789,条,1,1
790,江西,1,1
791,寄递,1,1
792,韶关,1,1
793,武江,1,1
794,共享,1,1
795,单,1,1
796,电车,1,1
797,127,1,1
798,届,1,1
799,广交会,1,1
800,如期,1,1
801,非,1,1
802,香港,1,1
803,乘飞机,1,1
804,抵港,1,1
805,马拉松,1,1
806,23,1,1
807,目的地,1,1
808,国际航班,1,1
809,指定,1,1
810,民航,1,1
811,入,1,1
812,粤,1,1
813,食宿费,1,1
814,深圳湾,1,1
815,挤爆,1,1
816,数万,1,1
817,华人,1,1
818,正,1,1
819,涌入,1,1
820,荆,1,1
821,发放,1,1
822,通行证,1,1
823,杨林,1,1
824,一例,1,1
825,即将,1,1
826,武穴,1,1
827,原则上,1,1
828,费用,1,1
829,进沪前,1,1
830,天内,1,1
831,旅行,1,1
832,居住,1,1
833,史,1,1
834,上海,1,1
835,学校,1,1
836,开学,1,1
837,影剧院,1,1
838,营业时间,1,1
839,定,1,1
840,返程,1,1
841,高峰,1,1
842,拥堵,1,1
843,驻,1,1
844,韩,1,1
845,使馆,1,1
846,月份,1,1
847,办理,1,1
848,护照,1,1
849,机场,1,1
850,复航,1,1
851,时间,1,1
852,中国邮政,1,1
853,集团,1,1
854,湖南省,1,1
855,分公司,1,1
856,收寄,1,1
857,产地,1,1
858,撤销,1,1
859,乡镇,1,1
860,村组,1,1
861,交通卡,1,1
862,口,1,1
863,飞,1,1
864,公共安全,1,1
865,原因,1,1
866,取消,1,1
867,服务,1,1
868,保障,1,1
869,仙桃,1,1
870,因吃,1,1
871,H7N9,1,1
872,死亡,1,1
873,国家邮政局,1,1
874,急需,1,1
875,优先,1,1
876,投递,1,1
877,民政部,1,1
878,中,1,1
879,养老,1,1
880,机构,1,1
881,客船,1,1
882,载客率,1,1
883,超过,1,1
884,福建,1,1
885,福清,1,1
886,离汉离,1,1
887,进出,1,1
888,京,1,1
889,跨城,1,1
890,网约车,1,1
891,顺风,1,1
892,山东,1,1
893,公交车,1,1
894,驾驶员,1,1
895,一个,1,1
896,戴,1,1
897,三查,1,1
898,三排,1,1
899,转运,1,1
900,长沙,1,1
901,推迟,1,1
902,复课,1,1
903,新疆,1,1
904,分,1,1
905,三类,1,1
906,管控,1,1
907,林草局,1,1
908,食用,1,1
909,目的,1,1
910,经营,1,1
911,利用,1,1
912,吉林,1,1
913,公主岭,1,1
914,近期,1,1
915,还要,1,1
916,黄石,1,1
917,下陆区,1,1
918,青菜,1,1
919,扔,1,1
920,漯河市,1,1
921,要限行,1,1
922,公交,1,1
923,郑州,1,1
924,相关,1,1
925,部门,1,1
926,方,1,1
927,中山,1,1
928,没派,1,1
929,医生,1,1
930,护士,1,1
931,支援前线,1,1
932,天门市,1,1
933,外省,1,1
934,萝卜,1,1
935,倒入,1,1
936,垃圾站,1,1
937,商店,1,1
938,日至,1,1
939,西安市,1,1
940,莲湖区,1,1
941,重新启动,1,1
942,封禁,1,1
943,文成县,1,1
944,张家界,1,1
945,国家森林公园,1,1
946,本地,1,1
947,市民,1,1
948,名录,1,1
949,上海市,1,1
950,高级人民法院,1,1
951,开具,1,1
952,扣押,1,1
953,通知书,1,1
954,到达,1,1
955,接送,1,1
956,唐山市,1,1
957,政府,1,1
958,最新消息,1,1
959,供货商,1,1
960,忏悔,1,1
961,文,1,1
962,坦陈,1,1
963,交易,1,1
964,内幕,1,1
965,齐齐哈尔,1,1
966,仓买,1,1
967,佛山市,1,1
968,农贸市场,1,1
969,休市,1,1
970,产,1,1
971,上,1,1
972,结束,1,1
973,通行,1,1
974,正常化,1,1
975,到京后,1,1
976,应,1,1
977,！,1,1
978,天津市,1,1
979,明天,1,1
980,纠察队,1,1
981,上街,1,1
982,外来,1,1
983,进市,1,1
984,受,1,1
985,湖南,1,1
986,省,1,1
987,不许,1,1
988,区县,1,1
989,加油站,1,1
990,限量供应,1,1
991,青海湖,1,1
992,开湖,1,1
993,隔离法,1,1
994,循环,1,1
995,春节假期,1,1
996,延长,1,1
997,等七省,1,1
998,昆明,1,1
999,墨尔本,1,1
1000,飞往,1,1
1001,客舱,1,1
1002,物,1,1
1003,市,1,1
1004,指挥部,1,1
1005,交通,1,1
1006,指示灯,1,1
1007,一路,1,1
1008,张家口,1,1
1009,上路,1,1
1010,三人,1,1
1011,同行,1,1
1012,被查,1,1
1013,武汉市,1,1
1014,药店,1,1
1015,派送,1,1
1016,呼和浩特市,1,1
1017,城外,1,1
1018,户籍,1,1
1019,离开,1,1
1020,再,1,1
1021,回来,1,1
1022,集聚,1,1
1023,龙华,1,1
1024,医院,1,1
1025,集装箱,1,1
1026,发热,1,1
1027,病人,1,1
1028,2010,1,1
1029,例,1,1
1030,走,1,1
1031,不让进入,1,1
1032,济南市,1,1
1033,区,1,1
1034,随州,1,1
1035,外,1,1
1036,流传,1,1
1037,交易市场,1,1
1038,副,1,1
1039,防城港市,1,1
1040,玉林市,1,1
1041,博白县,1,1
1042,陆川县,1,1
1043,米粮,1,1
1044,断供,1,1
1045,名单,1,1
1046,拒收,1,1
1047,草鱼,1,1
1048,外网,1,1
1049,传,1,1
1050,属实,1,1
1051,十堰,1,1
1052,为限行,1,1
1053,全城,1,1
1054,开启,1,1
1055,营运,1,1
1056,原副,1,1
1057,多地,1,1
1058,「,1,1
1059,小汤山,1,1
1060,」,1,1
1061,南京,1,1
1062,泰签,1,1
1063,续签,1,1
1064,-,1,1
1065,60,1,1
1066,红十字会,1,1
1067,收,1,1
1068,服务费,1,1
1069,控制,1,1
1070,将断,1,1
1071,西宁,1,1
1072,菜场,1,1
1073,新加坡,1,1
1074,拒,1,1
1075,确诊,27,2
1076,病例,27,2
1077,武汉,27,2
1078,湖北,17,2
1079,钟南山,14,2
1080,医院,13,2
1081,健康,12,2
1082,6,11,2
1083,感染者,10,2
1084,发现,10,2
1085,风险,10,2
1086,无症状,9,2
1087,响应,9,2
1088,防控,8,2
1089,中,7,2
1090,北京,7,2
1091,新增,7,2
1092,应急,7,2
1093,人员,7,2
1094,高风险,6,2
1095,小区,6,2
1096,重庆,6,2
1097,级别,6,2
1098,发生,6,2
1099,码,6,2
1100,肺炎,6,2
1101,期间,6,2
1102,地区,5,2
1103,等级,5,2
1104,低,5,2
1105,影响,5,2
1106,信息,5,2
1107,不,5,2
1108,病人,5,2
1109,上海,5,2
1110,3,4,2
1111,检测,4,2
1112,例,4,2
1113,市场,4,2
1114,冠状病毒,4,2
1115,疑似,4,2
1116,二级,4,2
1117,下调,4,2
1118,三级,4,2
1119,调整,4,2
1120,性,4,2
1121,疫苗,4,2
1122,疑似病例,4,2
1123,死亡,4,2
1124,新,4,2
1125,5,4,2
1126,输入,4,2
1127,日,4,2
1128,发布,4,2
1129,已,4,2
1130,年,4,2
1131,中国,4,2
1132,医生,4,2
1133,火神,4,2
1134,山,4,2
1135,有人,3,2
1136,码会,3,2
1137,长沙,3,2
1138,出新,3,2
1139,冠,3,2
1140,宁波,3,2
1141,2,3,2
1142,回来,3,2
1143,事件,3,2
1144,恢复,3,2
1145,哈尔滨市,3,2
1146,河北省,3,2
1147,小学,3,2
1148,学生,3,2
1149,青岛,3,2
1150,暂停,3,2
1151,湖南,3,2
1152,四川,3,2
1153,一例,3,2
1154,人民,3,2
1155,山东,3,2
1156,患者,3,2
1157,建设,3,2
1158,接触,3,2
1159,网传,3,2
1160,新型,3,2
1161,大连,3,2
1162,机制,3,2
1163,国家,3,2
1164,卫健委,3,2
1165,通行,3,2
1166,防疫,3,2
1167,都,3,2
1168,人,3,2
1169,传染,3,2
1170,医疗队,3,2
1171,呈,2,2
1172,阳性,2,2
1173,市民,2,2
1174,封闭,2,2
1175,物流,2,2
1176,高新区,2,2
1177,杭州,2,2
1178,超市,2,2
1179,绿码,2,2
1180,变红码,2,2
1181,司机,2,2
1182,陕西,2,2
1183,渝中区,2,2
1184,大,2,2
1185,突发,2,2
1186,公共卫生,2,2
1187,汽车,2,2
1188,时间,2,2
1189,高峰,2,2
1190,贵阳,2,2
1191,南京,2,2
1192,聚集,2,2
1193,广安,2,2
1194,技术,2,2
1195,合肥,2,2
1196,内,2,2
1197,老年人,2,2
1198,免费,2,2
1199,乘车,2,2
1200,去过,2,2
1201,邢台市,2,2
1202,短缺,2,2
1203,抗体,2,2
1204,女子,2,2
1205,吉林市,2,2
1206,捡,2,2
1207,去,2,2
1208,东西湖区,2,2
1209,红,2,2
1210,区,2,2
1211,封路,2,2
1212,渝,2,2
1213,公布,2,2
1214,预测,2,2
1215,公安局,2,2
1216,方舱,2,2
1217,黑龙江,2,2
1218,社保,2,2
1219,我国,2,2
1220,关闭,2,2
1221,4,2,2
1222,8,2,2
1223,分,2,2
1224,工作,2,2
1225,一级,2,2
1226,城区,2,2
1227,应,2,2
1228,网络,2,2
1229,全国,2,2
1230,温州,2,2
1231,打劫,2,2
1232,工人,2,2
1233,海外,2,2
1234,意大利,2,2
1235,援,2,2
1236,武汉市,2,2
1237,解除,2,2
1238,鄂,2,2
1239,接种,2,2
1240,襄阳,2,2
1241,退休,2,2
1242,路,2,2
1243,公交,2,2
1244,隔离,2,2
1245,血浆,2,2
1246,返回,2,2
1247,组织,2,2
1248,市,2,2
1249,复工,2,2
1250,高度,2,2
1251,医保,2,2
1252,吃,2,2
1253,团队,2,2
1254,成都,2,2
1255,研究生,2,2
1256,零号,2,2
1257,在家,2,2
1258,当地,2,2
1259,中药,2,2
1260,院士,2,2
1261,：,2,2
1262,广西,1,2
1263,次,1,2
1264,路过,1,2
1265,变色,1,2
1266,301,1,2
1267,百余,1,2
1268,福建,1,2
1269,永辉,1,2
1270,生鲜,1,2
1271,航班,1,2
1272,顺丰,1,2
1273,货机,1,2
1274,检查,1,2
1275,1,1,2
1276,义利,1,2
1277,北冰洋,1,2
1278,员工,1,2
1279,逛,1,2
1280,霞山,1,2
1281,东风,1,2
1282,三文鱼,1,2
1283,店,1,2
1284,查出,1,2
1285,因新,1,2
1286,发地,1,2
1287,包头,1,2
1288,宝鸡,1,2
1289,解放碑,1,2
1290,李兰娟,1,2
1291,暴发,1,2
1292,工体,1,2
1293,夜店,1,2
1294,餐厅,1,2
1295,从业人员,1,2
1296,谣言,1,2
1297,上调,1,2
1298,天津,1,2
1299,王顶,1,2
1300,堤,1,2
1301,批发市场,1,2
1302,检出,1,2
1303,十几个,1,2
1304,携带者,1,2
1305,停车场,1,2
1306,数量,1,2
1307,推断,1,2
1308,说,1,2
1309,第二个,1,2
1310,养老,1,2
1311,服务,1,2
1312,机构,1,2
1313,执行,1,2
1314,标准,1,2
1315,今日,1,2
1316,打工,1,2
1317,男子,1,2
1318,恶意,1,2
1319,带回,1,2
1320,河南,1,2
1321,安阳,1,2
1322,复阳,1,2
1323,学校,1,2
1324,天津市,1,2
1325,浦口,1,2
1326,永宁,1,2
1327,职业,1,2
1328,学院,1,2
1329,工业园,1,2
1330,名新冠,1,2
1331,吉林省,1,2
1332,舒兰市,1,2
1333,红码,1,2
1334,沈阳,1,2
1335,政策,1,2
1336,田有,1,2
1337,曾,1,2
1338,理发店,1,2
1339,优惠,1,2
1340,桥西区,1,2
1341,广元,1,2
1342,安徽,1,2
1343,六安,1,2
1344,第二,1,2
1345,长春,1,2
1346,公共交通,1,2
1347,老年,1,2
1348,卡,1,2
1349,瓶,1,2
1350,生产,1,2
1351,阳性率,1,2
1352,推算,1,2
1353,东莞,1,2
1354,厚街,1,2
1355,卓业,1,2
1356,大厦,1,2
1357,朝阳市,1,2
1358,海阳,1,2
1359,血清,1,2
1360,IgM,1,2
1361,丰满区,1,2
1362,三民,1,2
1363,89,1,2
1364,岁,1,2
1365,垃圾,1,2
1366,码转,1,2
1367,吉大,1,2
1368,一院,1,2
1369,蛟河市,1,2
1370,均,1,2
1371,岳阳,1,2
1372,华容,1,2
1373,马鞍,1,2
1374,菜市场,1,2
1375,泸州,1,2
1376,合江,1,2
1377,外地,1,2
1378,游客,1,2
1379,因新冠,1,2
1380,病毒感染,1,2
1381,珠海,1,2
1382,和平,1,2
1383,国家标准,1,2
1384,！,1,2
1385,平顶山市,1,2
1386,卫东区,1,2
1387,流调,1,2
1388,柳州,1,2
1389,中学,1,2
1390,报,1,2
1391,口罩,1,2
1392,发少,1,2
1393,温州市,1,2
1394,南校区,1,2
1395,孩子,1,2
1396,爆发,1,2
1397,胡路区,1,2
1398,多个,1,2
1399,场所,1,2
1400,娄底市,1,2
1401,双峰县,1,2
1402,两例,1,2
1403,万宁市,1,2
1404,民警,1,2
1405,五指山,1,2
1406,密切接触,1,2
1407,佳木斯,1,2
1408,要建,1,2
1409,用于,1,2
1410,收纳,1,2
1411,海归,1,2
1412,返,1,2
1413,银川,1,2
1414,一家,1,2
1415,国家税务总局,1,2
1416,受,1,2
1417,逾期,1,2
1418,缴税,1,2
1419,企业信用,1,2
1420,乐清市,1,2
1421,14,1,2
1422,列,1,2
1423,成都市,1,2
1424,成华区,1,2
1425,偷跑,1,2
1426,回家,1,2
1427,跳楼,1,2
1428,邯郸,1,2
1429,丛台区,1,2
1430,京津冀,1,2
1431,实行,1,2
1432,状态,1,2
1433,互认,1,2
1434,​,1,2
1435,；,1,2
1436,替代,1,2
1437,出入证,1,2
1438,登记,1,2
1439,减免,1,2
1440,企业,1,2
1441,社保费,1,2
1442,缴费,1,2
1443,连续,1,2
1444,记录,1,2
1445,朝天门,1,2
1446,丹阳,1,2
1447,六中,1,2
1448,道外区,1,2
1449,启动,1,2
1450,临武县,1,2
1451,型,1,2
1452,彬洲,1,2
1453,再,1,2
1454,升级,1,2
1455,生态环境,1,2
1456,部,1,2
1457,核电厂,1,2
1458,导致,1,2
1459,暂时,1,2
1460,停堆,1,2
1461,沙河市,1,2
1462,封村,1,2
1463,封,1,2
1464,烟台,1,2
1465,27,1,2
1466,大智路,1,2
1467,数码港,1,2
1468,有无,1,2
1469,症状,1,2
1470,倒地,1,2
1471,时,1,2
1472,05,1,2
1473,第一辆,1,2
1474,高铁,1,2
1475,抵达,1,2
1476,万,1,2
1477,人回,1,2
1478,北京市,1,2
1479,最新,1,2
1480,评估,1,2
1481,13,1,2
1482,12,1,2
1483,胶州,1,2
1484,调为,1,2
1485,国务院,1,2
1486,联防,1,2
1487,联控,1,2
1488,小时,1,2
1489,直报,1,2
1490,绝大部分,1,2
1491,泄露,1,2
1492,手机,1,2
1493,市北区,1,2
1494,四例,1,2
1495,奥地利,1,2
1496,坐,1,2
1497,一趟,1,2
1498,地铁,1,2
1499,码变,1,2
1500,借,1,2
1501,穿着,1,2
1502,防护服,1,2
1503,上门,1,2
1504,新沟桥,1,2
1505,24,1,2
1506,街红码,1,2
1507,跑,1,2
1508,出,1,2
1509,社区,1,2
1510,黑河,1,2
1511,100,1,2
1512,多人带,1,2
1513,宝,1,2
1514,采集,1,2
1515,位置,1,2
1516,穿,1,2
1517,服,1,2
1518,入室,1,2
1519,严查,1,2
1520,酒驾,1,2
1521,观音桥,1,2
1522,名,1,2
1523,娱乐场所,1,2
1524,西安市,1,2
1525,冒充,1,2
1526,入户,1,2
1527,抢劫,1,2
1528,中建,1,2
1529,三局,1,2
1530,招聘,1,2
1531,赴,1,2
1532,抗疫,1,2
1533,中铁,1,2
1534,十九,1,2
1535,局,1,2
1536,建,1,2
1537,招工,1,2
1538,简章,1,2
1539,鄂疾控,1,2
1540,工作队,1,2
1541,反弹,1,2
1542,暂缓,1,2
1543,撤回,1,2
1544,零时,1,2
1545,离汉离,1,2
1546,通道,1,2
1547,管控,1,2
1548,措施,1,2
1549,河北,1,2
1550,哈尔滨,1,2
1551,哈医大一院,1,2
1552,戒严,1,2
1553,石家庄,1,2
1554,长安区,1,2
1555,有序,1,2
1556,恢复正常,1,2
1557,黄梅,1,2
1558,外出,1,2
1559,务工人员,1,2
1560,18,1,2
1561,日到,1,2
1562,车站,1,2
1563,上车,1,2
1564,现,1,2
1565,空降,1,2
1566,未,1,2
1567,按期,1,2
1568,办理,1,2
1569,审,1,2
1570,停发,1,2
1571,工资,1,2
1572,鞋,1,2
1573,三期,1,2
1574,鞋厂,1,2
1575,华侨,1,2
1576,黄冈,1,2
1577,16,1,2
1578,运行,1,2
1579,潜江,1,2
1580,解封,1,2
1581,第一天,1,2
1582,车祸,1,2
1583,致,1,2
1584,更新,1,2
1585,仅,1,2
1586,青山,1,2
1587,点有,1,2
1588,32,1,2
1589,名因,1,2
1590,监护人,1,2
1591,孤儿,1,2
1592,总体,1,2
1593,上,1,2
1594,本轮,1,2
1595,流行,1,2
1596,惠州,1,2
1597,病死,1,2
1598,鸡,1,2
1599,流入,1,2
1600,张家界市,1,2
1601,违章,1,2
1602,可免,1,2
1603,输注,1,2
1604,恢复期,1,2
1605,乙肝,1,2
1606,梅毒,1,2
1607,救命,1,2
1608,任何人,1,2
1609,献,1,2
1610,浙江,1,2
1611,陆续,1,2
1612,内蒙古地区,1,2
1613,面临,1,2
1614,危机,1,2
1615,发放,1,2
1616,持绿码,1,2
1617,全省,1,2
1618,世卫,1,2
1619,并未,1,2
1620,全球,1,2
1621,药品,1,2
1622,襄城区,1,2
1623,通知,1,2
1624,复产,1,2
1625,银行,1,2
1626,吉首,1,2
1627,分行,1,2
1628,工作人员,1,2
1629,汕头,1,2
1630,总站,1,2
1631,解放,1,2
1632,桥,1,2
1633,大巴,1,2
1634,乘客,1,2
1635,发烧,1,2
1636,困难群众,1,2
1637,临时,1,2
1638,纳入,1,2
1639,扶贫,1,2
1640,郑州,1,2
1641,配合,1,2
1642,变,1,2
1643,专车,1,2
1644,益阳,1,2
1645,一名,1,2
1646,武,1,2
1647,大学生,1,2
1648,爷爷,1,2
1649,790,1,2
1650,财政部,1,2
1651,群众,1,2
1652,费用,1,2
1653,延误,1,2
1654,救治,1,2
1655,广东,1,2
1656,推行,1,2
1657,环境,1,2
1658,违法,1,2
1659,容错,1,2
1660,纠错,1,2
1661,两,1,2
1662,部门,1,2
1663,常见病,1,2
1664,慢性病,1,2
1665,网上,1,2
1666,复诊,1,2
1667,报销,1,2
1668,大庆,1,2
1669,驰援,1,2
1670,过硬,1,2
1671,遣送,1,2
1672,河南省,1,2
1673,各市县,1,2
1674,名单,1,2
1675,2020,1,2
1676,上半年,1,2
1677,征兵,1,2
1678,推迟,1,2
1679,下半年,1,2
1680,一并,1,2
1681,实施,1,2
1682,江西,1,2
1683,九江,1,2
1684,长江,1,2
1685,一桥,1,2
1686,发源,1,2
1687,城管,1,2
1688,队员,1,2
1689,拦截,1,2
1690,捐献,1,2
1691,蔬菜,1,2
1692,四种,1,2
1693,鄂州,1,2
1694,老人,1,2
1695,树叶,1,2
1696,涟源,1,2
1697,水泥厂,1,2
1698,武汉长江大桥,1,2
1699,放,1,2
1700,烟花,1,2
1701,驱,1,2
1702,瘟疫,1,2
1703,看望,1,2
1704,林正斌,1,2
1705,教授,1,2
1706,视频,1,2
1707,疯传,1,2
1708,尿液,1,2
1709,分离,1,2
1710,省份,1,2
1711,解除限制,1,2
1712,大丰,1,2
1713,859,1,2
1714,人有,1,2
1715,利川市,1,2
1716,政府,1,2
1717,发起,1,2
1718,总攻,1,2
1719,紧急会议,1,2
1720,濮阳,1,2
1721,隐瞒,1,2
1722,其父,1,2
1723,出行,1,2
1724,史,1,2
1725,工钱,1,2
1726,人藏,1,2
1727,集装箱,1,2
1728,里,1,2
1729,轻症,1,2
1730,休息,1,2
1731,一夜,1,2
1732,吹,1,2
1733,走,1,2
1734,今明,1,2
1735,几天,1,2
1736,全城,1,2
1737,大消,1,2
1738,杀,1,2
1739,瑞安市,1,2
1740,疾控中心,1,2
1741,采购员,1,2
1742,骗,1,2
1743,巨款,1,2
1744,月薪,1,2
1745,万元,1,2
1746,招,1,2
1747,保洁员,1,2
1748,巴中,1,2
1749,车,1,2
1750,地援,1,2
1751,物资,1,2
1752,被扣,1,2
1753,北路,1,2
1754,海防,1,2
1755,菜场,1,2
1756,陪,1,2
1757,排班,1,2
1758,WHO,1,2
1759,划,1,2
1760,疫区,1,2
1761,国,1,2
1762,经济,1,2
1763,倒退,1,2
1764,20,1,2
1765,推荐,1,2
1766,预防,1,2
1767,汤剂,1,2
1768,中心,1,2
1769,通报,1,2
1770,微信群,1,2
1771,转发,1,2
1772,封号,1,2
1773,一线,1,2
1774,消息,1,2
1775,李留树,1,2
1776,博士,1,2
1777,电话,1,2
1778,日本,1,2
1779,设计,1,2
1780,断网,1,2
1781,禁止,1,2
1782,医务人员,1,2
1783,分享,1,2
1784,相关,1,2
1785,支援,1,2
1786,减轻,1,2
1787,负担,1,2
1788,昆明,1,2
1789,水果市场,1,2
1790,凌晨,1,2
1791,雾,1,2
1792,炮车,1,2
1793,消毒,1,2
1794,第一,1,2
1795,急诊科,1,2
1796,医护人员,1,2
1797,集体,1,2
1798,放假,1,2
1799,大邑,1,2
1800,两名,1,2
1801,私自,1,2
1802,离院,1,2
1803,不知去向,1,2
1804,车牌号,1,2
1805,浙,1,2
1806,B,1,2
1807,L0535,1,2
1808,刚,1,2
1809,回,1,2
1810,关岭,1,2
1811,载有,1,2
1812,湘雅医院,1,2
1813,搭帐篷,1,2
1814,3000,1,2
1815,床位,1,2
1816,接收,1,2
1817,官方,1,2
1818,江夏,1,2
1819,街道,1,2
1820,排行,1,2
1821,多地,1,2
1822,紧急通知,1,2
1823,黑龙江省,1,2
1824,数据,1,2
1825,翻倍,1,2
1826,家中,1,2
1827,狗,1,2
1828,弱阳性,1,2
1829,研究所,1,2
1830,治愈,1,2
1831,后遗症,1,2
1832,开,1,2
1833,凉茶,1,2
1834,处方,1,2
1835,沪援,1,2
1836,只能,1,2
1837,方便面,1,2
1838,两周,1,2
1839,北京,30,3
1840,中国,23,3
1841,隔离,7,3
1842,人员,6,3
1843,不,5,3
1844,公民,5,3
1845,河北,4,3
1846,日,4,3
1847,出京,3,3
1848,防疫,3,3
1849,信息,3,3
1850,影响,3,3
1851,进京,3,3
1852,世卫,3,3
1853,武汉,3,3
1854,实行,3,3
1855,政府,3,3
1856,确诊,3,3
1857,祭扫,3,3
1858,2,3,3
1859,大面积,3,3
1860,消毒,3,3
1861,健康,2,3
1862,宝,2,3
1863,状态,2,3
1864,断粮,2,3
1865,铁路,2,3
1866,查验,2,3
1867,检测,2,3
1868,管理,2,3
1869,封城,2,3
1870,措施,2,3
1871,万人,2,3
1872,虚假,2,3
1873,湖北,2,3
1874,东京,2,3
1875,奥运会,2,3
1876,受,2,3
1877,组织,2,3
1878,大规模,2,3
1879,外资,2,3
1880,撤离,2,3
1881,拒绝,2,3
1882,实验室,2,3
1883,尼日利亚,2,3
1884,居留,2,3
1885,说,2,3
1886,群体,2,3
1887,免疫,2,3
1888,期间,2,3
1889,虐待,2,3
1890,返京,2,3
1891,不再,2,3
1892,后,2,3
1893,北京西站,2,3
1894,人,2,3
1895,滞留,2,3
1896,口罩,2,3
1897,报告,2,3
1898,活动,2,3
1899,清明节,2,3
1900,3,2,3
1901,24,2,3
1902,北京市,2,3
1903,10,2,3
1904,医院,2,3
1905,西城区,2,3
1906,位,2,3
1907,发生,2,3
1908,日晚,2,3
1909,防控,2,3
1910,列入,2,3
1911,疫区,2,3
1912,国,2,3
1913,五台山,1,3
1914,接待,1,3
1915,游客,1,3
1916,瞒报,1,3
1917,谎报,1,3
1918,依法,1,3
1919,追责,1,3
1920,丰台,1,3
1921,小区,1,3
1922,三类,1,3
1923,涉疫,1,3
1924,人群,1,3
1925,严禁,1,3
1926,民航,1,3
1927,核酸,1,3
1928,阴性,1,3
1929,证明,1,3
1930,意味着,1,3
1931,部门,1,3
1932,公布,1,3
1933,进出,1,3
1934,北京地区,1,3
1935,列车,1,3
1936,免费,1,3
1937,退票,1,3
1938,新,1,3
1939,发地,1,3
1940,几万人,1,3
1941,运送,1,3
1942,唐山,1,3
1943,谣言,1,3
1944,五棵松,1,3
1945,华熙,1,3
1946,沦陷,1,3
1947,用大,1,3
1948,数据,1,3
1949,锁定,1,3
1950,35,1,3
1951,筛查,1,3
1952,北京地铁,1,3
1953,情,1,3
1954,卸掉,1,3
1955,座椅,1,3
1956,参与,1,3
1957,宣传,1,3
1958,中外关系,1,3
1959,变,1,3
1960,消极,1,3
1961,媒体,1,3
1962,发布,1,3
1963,抗疫,1,3
1964,不实,1,3
1965,解除,1,3
1966,被迫,1,3
1967,参加,1,3
1968,大会决议,1,3
1969,协调,1,3
1970,委员会,1,3
1971,主席,1,3
1972,取消,1,3
1973,物资,1,3
1974,出口,1,3
1975,控制,1,3
1976,利用,1,3
1977,南海,1,3
1978,张业遂,1,3
1979,情况,1,3
1980,透明,1,3
1981,参观,1,3
1982,推特,1,3
1983,散播,1,3
1984,社区,1,3
1985,村,1,3
1986,封闭式,1,3
1987,南京,1,3
1988,五名,1,3
1989,小学生,1,3
1990,手拉手,1,3
1991,跳楼,1,3
1992,失误,1,3
1993,证据,1,3
1994,外媒,1,3
1995,公开,1,3
1996,排查,1,3
1997,身份,1,3
1998,合法性,1,3
1999,王辰,1,3
2000,院士,1,3
2001,非洲人,1,3
2002,华遭,1,3
2003,国内,1,3
2004,低,1,3
2005,风险,1,3
2006,地区,1,3
2007,出差,1,3
2008,餐厅,1,3
2009,用餐,1,3
2010,需,1,3
2011,几内亚,1,3
2012,抓扣,1,3
2013,两名,1,3
2014,女,1,3
2015,留学生,1,3
2016,墨尔本,1,3
2017,遇袭,1,3
2018,对津冀,1,3
2019,来京,1,3
2020,居家,1,3
2021,观察,1,3
2022,爬山,1,3
2023,收到,1,3
2024,短信,1,3
2025,回家,1,3
2026,白衣,1,3
2027,疑似,1,3
2028,大,1,3
2029,爆发,1,3
2030,张文宏,1,3
2031,驻,1,3
2032,大使,1,3
2033,向尼方,1,3
2034,鞠躬,1,3
2035,俄罗斯,1,3
2036,驱逐,1,3
2037,违反,1,3
2038,签证,1,3
2039,俄方,1,3
2040,拘押,1,3
2041,援菲,1,3
2042,试剂盒,1,3
2043,质量,1,3
2044,国足,1,3
2045,落地,1,3
2046,迪拜,1,3
2047,23,1,3
2048,当日,1,3
2049,献血者,1,3
2050,赠,1,3
2051,体检,1,3
2052,卡,1,3
2053,国外,1,3
2054,使领馆,1,3
2055,入境,1,3
2056,抵京,1,3
2057,须,1,3
2058,签订,1,3
2059,《,1,3
2060,承诺书,1,3
2061,个人信息,1,3
2062,暂停,1,3
2063,清明,1,3
2064,11,1,3
2065,欧洲,1,3
2066,抵,1,3
2067,按日分,1,3
2068,时段,1,3
2069,预约,1,3
2070,未,1,3
2071,每月,1,3
2072,生活费,1,3
2073,标准,1,3
2074,低于,1,3
2075,3080,1,3
2076,元,1,3
2077,16,1,3
2078,出行,1,3
2079,正常化,1,3
2080,复工,1,3
2081,延长,1,3
2082,居民,1,3
2083,集中供热,1,3
2084,时间,1,3
2085,顺延,1,3
2086,22,1,3
2087,时,1,3
2088,济南市,1,3
2089,晚上,1,3
2090,12,1,3
2091,点,1,3
2092,消杀,1,3
2093,江苏,1,3
2094,徐州,1,3
2095,禁止,1,3
2096,80,1,3
2097,名,1,3
2098,俄,1,3
2099,遭,1,3
2100,望京,1,3
2101,麒麟,1,3
2102,社,1,3
2103,物美,1,3
2104,病例,1,3
2105,男子,1,3
2106,去,1,3
2107,大悦,1,3
2108,城,1,3
2109,咳嗽,1,3
2110,上,1,3
2111,百次,1,3
2112,北京积水潭医院,1,3
2113,将建,1,3
2114,方舱,1,3
2115,69,1,3
2116,观察者,1,3
2117,52,1,3
2118,金融街,1,3
2119,通讯,1,3
2120,公司,1,3
2121,大楼,1,3
2122,聚集,1,3
2123,性,1,3
2124,海淀,1,3
2125,院内,1,3
2126,多人,1,3
2127,停摆,1,3
2128,天津站,1,3
2129,应对,1,3
2130,88,1,3
2131,家,1,3
2132,医保,1,3
2133,定点,1,3
2134,药店,1,3
2135,周二,1,3
2136,周五,1,3
2137,销售,1,3
2138,酒精,1,3
2139,钟南山,1,3
2140,称赞,1,3
2141,吃,1,3
2142,牛羊肉,1,3
2143,蒙古,1,3
2144,同胞,1,3
2145,身体,1,3
2146,长沙,1,3
2147,地铁,1,3
2148,号线,1,3
2149,启动,1,3
2150,蒙古国,1,3
2151,支援,1,3
2152,三万,1,3
2153,只羊,1,3
2154,抵达,1,3
2155,深圳,1,3
2156,全市,1,3
2157,主干道,1,3
2158,6,1,3
2159,1,1,3
2160,28,1,3
2161,超市,1,3
2162,菜市场,1,3
2163,关门,1,3
2164,一周,1,3
2165,失败,1,3
2166,致,1,3
2167,外地人,1,3
2168,涌入,1,3
2169,「,1,3
2170,」,1,3
2171,三百多,1,3
2172,死亡,1,3
2173,消毒,26,4
2174,酒精,18,4
2175,小时,7,4
2176,消毒剂,7,4
2177,空气,7,4
2178,杀死,6,4
2179,喷洒,6,4
2180,！,6,4
2181,自来水,5,4
2182,消毒液,5,4
2183,后,5,4
2184,无症状,5,4
2185,传播,5,4
2186,病例,5,4
2187,84,5,4
2188,30,5,4
2189,℃,5,4
2190,喷嚏,5,4
2191,几米远,5,4
2192,悬浮,5,4
2193,引发,4,4
2194,感染者,4,4
2195,冠状病毒,4,4
2196,患者,4,4
2197,75%,4,4
2198,肺炎,4,4
2199,喷,4,4
2200,浓度,4,4
2201,家里,4,4
2202,效果,4,4
2203,电吹风,4,4
2204,对手,4,4
2205,面部,4,4
2206,吹,4,4
2207,秒,4,4
2208,治疗,4,4
2209,宠物,4,4
2210,氯气,3,4
2211,静置,3,4
2212,两,3,4
2213,已,3,4
2214,病毒感染,3,4
2215,病毒传播,3,4
2216,含氯,3,4
2217,确诊,3,4
2218,降压药,3,4
2219,网传,3,4
2220,新型,3,4
2221,期间,3,4
2222,越,3,4
2223,大,3,4
2224,40%,3,4
2225,传染,3,4
2226,空调,3,4
2227,口罩,3,4
2228,药物,3,4
2229,防病毒,3,4
2230,中,3,4
2231,风险,3,4
2232,电梯,3,4
2233,抗病毒,3,4
2234,上限,3,4
2235,标准,3,4
2236,60,3,4
2237,预防,3,4
2238,服用,3,4
2239,一打,3,4
2240,24,3,4
2241,加大,2,4
2242,注入,2,4
2243,需,2,4
2244,再用,2,4
2245,病,2,4
2246,症状,2,4
2247,洗手,2,4
2248,系,2,4
2249,饮用,2,4
2250,水源地,2,4
2251,监测,2,4
2252,未,2,4
2253,发现,2,4
2254,影响,2,4
2255,水质,2,4
2256,情况,2,4
2257,例,2,4
2258,部,2,4
2259,回家,2,4
2260,吃,2,4
2261,里,2,4
2262,带,2,4
2263,强度,2,4
2264,锻炼,2,4
2265,提高,2,4
2266,抵抗力,2,4
2267,快递,2,4
2268,温州,2,4
2269,变异,2,4
2270,衣物,2,4
2271,人,2,4
2272,上,2,4
2273,度,2,4
2274,气溶胶,2,4
2275,净化器,2,4
2276,过滤,2,4
2277,污染,2,4
2278,环保,2,4
2279,酵素,2,4
2280,发生,2,4
2281,后开,2,4
2282,爆炸,2,4
2283,男子,2,4
2284,瞬间,2,4
2285,死亡,2,4
2286,敷,2,4
2287,脚底,2,4
2288,每次,2,4
2289,外出,2,4
2290,手机,2,4
2291,深呼吸,2,4
2292,再,2,4
2293,十秒,2,4
2294,可测,2,4
2295,抑制,2,4
2296,传染病,2,4
2297,毒,2,4
2298,全身,2,4
2299,起到,2,4
2300,玩雪会,2,4
2301,瑞德,2,4
2302,西韦,2,4
2303,身上,2,4
2304,和洁,2,4
2305,厕灵,2,4
2306,飞机,2,4
2307,消毒水,2,4
2308,采用,2,4
2309,加氯,2,4
2310,增加,2,4
2311,有人,2,4
2312,都,2,4
2313,56,2,4
2314,热水,2,4
2315,洗澡,2,4
2316,喝,2,4
2317,水,2,4
2318,VC,2,4
2319,激素,2,4
2320,废人,2,4
2321,南昌,1,4
2322,北京,1,4
2323,中国,1,4
2324,石化,1,4
2325,熔喷布,1,4
2326,价格,1,4
2327,上调,1,4
2328,24%,1,4
2329,口服,1,4
2330,注射,1,4
2331,无稽之谈,1,4
2332,川崎,1,4
2333,新,1,4
2334,舒兰,1,4
2335,已到,1,4
2336,铁东,1,4
2337,狂风暴雪,1,4
2338,加速,1,4
2339,工业,1,4
2340,稀释,1,4
2341,用于,1,4
2342,皮肤,1,4
2343,孕妇,1,4
2344,后期,1,4
2345,特征,1,4
2346,伊维,1,4
2347,菌素,1,4
2348,5G,1,4
2349,新一轮,1,4
2350,暴发,1,4
2351,用免,1,4
2352,用餐,1,4
2353,不再,1,4
2354,加重,1,4
2355,高血压,1,4
2356,病情,1,4
2357,齐齐哈尔,1,4
2358,解封,1,4
2359,受,1,4
2360,防控,1,4
2361,汨罗,1,4
2362,19,1,4
2363,生态环境,1,4
2364,累计,1,4
2365,14915,1,4
2366,次,1,4
2367,接种,1,4
2368,流感疫苗,1,4
2369,不,1,4
2370,买,1,4
2371,蔬菜,1,4
2372,补越,1,4
2373,名字,1,4
2374,氯,1,4
2375,车轱辘,1,4
2376,鞋底,1,4
2377,外卖,1,4
2378,包装,1,4
2379,诱发,1,4
2380,哮喘,1,4
2381,红外线,1,4
2382,测温,1,4
2383,枪会,1,4
2384,白内障,1,4
2385,490,1,4
2386,全新,1,4
2387,几率,1,4
2388,极低,1,4
2389,头发,1,4
2390,滞留,1,4
2391,可能性,1,4
2392,非常低,1,4
2393,75,1,4
2394,衣服,1,4
2395,特定条件,1,4
2396,下,1,4
2397,掉,1,4
2398,鞋子,1,4
2399,带回家,1,4
2400,过度,1,4
2401,地下水,1,4
2402,发烧,1,4
2403,捂,1,4
2404,出,1,4
2405,一身,1,4
2406,汗能,1,4
2407,退烧,1,4
2408,杀毒,1,4
2409,抑菌,1,4
2410,传染源,1,4
2411,合肥,1,4
2412,爆炸事件,1,4
2413,海口,1,4
2414,小区,1,4
2415,全屋,1,4
2416,放到,1,4
2417,整理,1,4
2418,箱,1,4
2419,密封,1,4
2420,4,1,4
2421,死,1,4
2422,发热,1,4
2423,意味着,1,4
2424,武汉,1,4
2425,后遇,1,4
2426,武汉市,1,4
2427,SO2,1,4
2428,指标,1,4
2429,回来,1,4
2430,憋气,1,4
2431,医护人员,1,4
2432,离开,1,4
2433,医院,1,4
2434,携带,1,4
2435,社区,1,4
2436,共用,1,4
2437,体温计,1,4
2438,交叉感染,1,4
2439,取暖器,1,4
2440,全,1,4
2441,打开,1,4
2442,室温,1,4
2443,接近,1,4
2444,活性,1,4
2445,勿,1,4
2446,洁厕剂,1,4
2447,混用,1,4
2448,治愈,1,4
2449,常用,1,4
2450,灭活,1,4
2451,!,1,4
2452,机场,1,4
2453,安检,1,4
2454,摘,1,4
2455,味儿,1,4
2456,越冲,1,4
2457,按钮,1,4
2458,光滑,1,4
2459,表面,1,4
2460,生活,1,4
2461,时间,1,4
2462,长,1,4
2463,最佳,1,4
2464,非典,1,4
2465,青壮年,1,4
2466,中老年,1,4
2467,作用,1,4
2468,开车,1,4
2469,抽烟,1,4
2470,燃烧,1,4
2471,下雪天,1,4
2472,漂浮,1,4
2473,云,1,4
2474,最新,1,4
2475,科普,1,4
2476,转发,1,4
2477,知悉,1,4
2478,显效,1,4
2479,免洗,1,4
2480,洗手液,1,4
2481,取代,1,4
2482,流水,1,4
2483,冲洗,1,4
2484,降雪,1,4
2485,南京,1,4
2486,已用,1,4
2487,最,1,4
2488,多地,1,4
2489,居民,1,4
2490,火灾,1,4
2491,威力,1,4
2492,更大,1,4
2493,某地,1,4
2494,上空,1,4
2495,播撒,1,4
2496,（,1,4
2497,粉,1,4
2498,）,1,4
2499,越高越,1,4
2500,白酒,1,4
2501,放,1,4
2502,冰箱,1,4
2503,冷冻室,1,4
2504,制作,1,4
2505,到底,1,4
2506,这份,1,4
2507,使用指南,1,4
2508,请,1,4
2509,收好,1,4
2510,用水,1,4
2511,时,1,4
2512,至少,1,4
2513,少量多次,1,4
2514,饮,1,4
2515,开水,1,4
2516,+,1,4
2517,风油精,1,4
2518,雾化,1,4
2519,体内,1,4
2520,万金油,1,4
2521,抗生素,1,4
2522,专用,1,4
2523,纸巾,1,4
2524,十三名,1,4
2525,男女生,1,4
2526,sk5,1,4
2527,十年,1,4
2528,前,1,4
2529,预测,1,4
2530,体温,1,4
2531,枪伤,1,4
2532,眼,1,4
2533,永久,1,4
2534,伤害,1,4
2535,洗头,1,4
2536,家用,1,4
2537,自费,1,4
2538,千万别,1,4
2539,出门,1,4
2540,某家,1,4
2541,猪崽,1,4
2542,说话,1,4
2543,瘟疫,1,4
2544,前兆,1,4
2545,消灭,1,4
2546,遇,1,4
2547,憋,1,4
2548,绝不能,1,4
2549,开窗,1,4
2550,通风,1,4
2551,下雪,1,4
2552,鞋要,1,4
2553,居室,1,4
2554,隔离,1,4
2555,放在,1,4
2556,别往,1,4
2557,喷撒,1,4
2558,烧着,1,4
2559,中央空调,1,4
2560,按键,1,4
2561,24H,1,4
2562,人会,1,4
2563,染病,1,4
2564,概率,1,4
2565,越高,1,4
2566,毛领,1,4
2567,绒线,1,4
2568,外套,1,4
2569,吸附,1,4
2570,10,1,4
2571,万例,1,4
2572,某某,1,4
2573,城市,1,4
2574,消毒药水,1,4
2575,火神,1,4
2576,山,1,4
2577,项目,1,4
2578,水源,1,4
2579,老年人,1,4
2580,不吃,1,4
2581,野味,1,4
2582,此次,1,4
2583,解放军,1,4
2584,导致,1,4
2585,肺炎,117,5
2586,确诊,36,5
2587,病例,25,5
2588,患者,20,5
2589,发现,9,5
2590,武汉,9,5
2591,北京,8,5
2592,医院,8,5
2593,隔离,8,5
2594,一例,6,5
2595,网传,5,5
2596,人,5,5
2597,治愈,5,5
2598,新型,5,5
2599,1,4,5
2600,例新冠,4,5
2601,已,4,5
2602,死亡,4,5
2603,出院,4,5
2604,病人,4,5
2605,治疗,4,5
2606,不,4,5
2607,冠状病毒,4,5
2608,因新冠,3,5
2609,传播,3,5
2610,河南,3,5
2611,2,3,5
2612,河北,3,5
2613,救治,3,5
2614,学生,3,5
2615,疑似病例,3,5
2616,患新冠,3,5
2617,司机,3,5
2618,后,3,5
2619,14,3,5
2620,天,3,5
2621,康复者,3,5
2622,导致,3,5
2623,改用,3,5
2624,磷酸,3,5
2625,氯喹,3,5
2626,路,2,5
2627,酒店,2,5
2628,车,2,5
2629,江西,2,5
2630,回来,2,5
2631,孩子,2,5
2632,河北省,2,5
2633,居民,2,5
2634,小区,2,5
2635,中国,2,5
2636,中医药,2,5
2637,上海,2,5
2638,湖南,2,5
2639,湘潭,2,5
2640,名新冠,2,5
2641,封闭,2,5
2642,新增,2,5
2643,中学,2,5
2644,医生,2,5
2645,康复,2,5
2646,收治,2,5
2647,黑龙江,2,5
2648,70,2,5
2649,籍,2,5
2650,有人,2,5
2651,人民,2,5
2652,5,2,5
2653,公交,2,5
2654,男子,2,5
2655,湖北,2,5
2656,应,2,5
2657,万,2,5
2658,武汉市,2,5
2659,免费,2,5
2660,回国,2,5
2661,社区,2,5
2662,人员,2,5
2663,吸痰机,2,5
2664,挺,2,5
2665,传染,2,5
2666,血液,2,5
2667,治好,2,5
2668,咳痰,2,5
2669,人数,2,5
2670,减半,2,5
2671,香蕉,2,5
2672,南昌,1,5
2673,民德,1,5
2674,锦江,1,5
2675,之星,1,5
2676,俄罗斯,1,5
2677,人患,1,5
2678,鄂牌,1,5
2679,车主,1,5
2680,去世,1,5
2681,未,1,5
2682,挪车,1,5
2683,新余,1,5
2684,孕妇,1,5
2685,生,1,5
2686,新乐市,1,5
2687,信誉,1,5
2688,楼有,1,5
2689,风险,1,5
2690,安庆市,1,5
2691,立,1,5
2692,四川,1,5
2693,甘孜,1,5
2694,石渠,1,5
2695,漯河,1,5
2696,石家庄市,1,5
2697,无极县,1,5
2698,雄楚,1,5
2699,广场,1,5
2700,家,1,5
2701,常州,1,5
2702,防疫,1,5
2703,送到,1,5
2704,三院,1,5
2705,西城区,1,5
2706,金融街,1,5
2707,链家,1,5
2708,地产,1,5
2709,经纪人,1,5
2710,文安,1,5
2711,菜市场,1,5
2712,夫妻,1,5
2713,咽,1,5
2714,拭子,1,5
2715,阳性,1,5
2716,意味,1,5
2717,治愈率,1,5
2718,943%,1,5
2719,参与,1,5
2720,占,1,5
2721,比达,1,5
2722,92%,1,5
2723,R0,1,5
2724,57,1,5
2725,高于,1,5
2726,常见,1,5
2727,流行病,1,5
2728,芜湖市,1,5
2729,上海市,1,5
2730,黄浦区,1,5
2731,餐饮店,1,5
2732,云南昆明,1,5
2733,新,1,5
2734,嘉定,1,5
2735,初二,1,5
2736,无症状,1,5
2737,感染者,1,5
2738,泰安,1,5
2739,病房,1,5
2740,楼,1,5
2741,驻马店,1,5
2742,驿城,1,5
2743,淮安,1,5
2744,学校,1,5
2745,全班,1,5
2746,都,1,5
2747,黄骅市,1,5
2748,教职工,1,5
2749,唐山市,1,5
2750,曹妃甸,1,5
2751,区八,1,5
2752,农场,1,5
2753,滦南县,1,5
2754,排查,1,5
2755,黑龙江省,1,5
2756,绥滨县,1,5
2757,中医院,1,5
2758,期间,1,5
2759,就诊,1,5
2760,隐瞒,1,5
2761,南通市,1,5
2762,老年,1,5
2763,点,1,5
2764,突发,1,5
2765,大火,1,5
2766,坍塌,1,5
2767,10,1,5
2768,多人,1,5
2769,遇难,1,5
2770,蔡甸,1,5
2771,邮政,1,5
2772,银行,1,5
2773,院新冠,1,5
2774,清零,1,5
2775,多地,1,5
2776,石家庄,1,5
2777,灵寿县,1,5
2778,上饶市,1,5
2779,信州区,1,5
2780,商业广场,1,5
2781,七台河市,1,5
2782,茄子河区,1,5
2783,鹿山矿,1,5
2784,常德,1,5
2785,桥南,1,5
2786,KTV,1,5
2787,涿州,1,5
2788,乘坐,1,5
2789,火车,1,5
2790,赣州,1,5
2791,杨浦,1,5
2792,五角场,1,5
2793,抚顺市,1,5
2794,望花区,1,5
2795,两例,1,5
2796,吉林市,1,5
2797,呼吸科,1,5
2798,封楼,1,5
2799,合浦县,1,5
2800,冷水江,1,5
2801,欧,1,5
2802,某某,1,5
2803,浠水县,1,5
2804,夏邑县,1,5
2805,狮,1,5
2806,山镇,1,5
2807,罗村,1,5
2808,下柏,1,5
2809,聚集,1,5
2810,性,1,5
2811,医学观察,1,5
2812,浙江,1,5
2813,诸暨,1,5
2814,朋友圈,1,5
2815,造谣,1,5
2816,赔,1,5
2817,16,1,5
2818,！,1,5
2819,天门市,1,5
2820,南,1,5
2821,火车站,1,5
2822,人均,1,5
2823,17,1,5
2824,万元,1,5
2825,西安市,1,5
2826,八仙,1,5
2827,庵,1,5
2828,诊所,1,5
2829,拉走,1,5
2830,泰国,1,5
2831,政府,1,5
2832,不再,1,5
2833,病亡,1,5
2834,体内,1,5
2835,仍存,1,5
2836,衡阳,1,5
2837,铁路医院,1,5
2838,护士,1,5
2839,呼家楼,1,5
2840,辖区,1,5
2841,献血,1,5
2842,使新冠,1,5
2843,更,1,5
2844,虚弱,1,5
2845,英,1,5
2846,留学生,1,5
2847,治新冠,1,5
2848,想,1,5
2849,投诉,1,5
2850,淡水鱼,1,5
2851,硚口,1,5
2852,发热,1,5
2853,瞒报,1,5
2854,一家,1,5
2855,五口,1,5
2856,疑似,1,5
2857,京沪,1,5
2858,两地,1,5
2859,回应,1,5
2860,境外,1,5
2861,诊疗费,1,5
2862,连云港,1,5
2863,东海,1,5
2864,输入,1,5
2865,性新冠,1,5
2866,炎症性,1,5
2867,肠病,1,5
2868,傻傻,1,5
2869,分不清楚,1,5
2870,产妇,1,5
2871,建议,1,5
2872,母乳喂养,1,5
2873,常州市,1,5
2874,武进区,1,5
2875,御城,1,5
2876,横林庙,1,5
2877,桥,1,5
2878,湖南省,1,5
2879,直,1,5
2880,中医医院,1,5
2881,关门,1,5
2882,李姓,1,5
2883,日来蓉,1,5
2884,旅客,1,5
2885,武汉大学,1,5
2886,女博士,1,5
2887,留下,1,5
2888,遗书,1,5
2889,降低,1,5
2890,死亡率,1,5
2891,自限性,1,5
2892,疾病,1,5
2893,盘古,1,5
2894,大观,1,5
2895,保洁,1,5
2896,望京,1,5
2897,大西洋,1,5
2898,新城,1,5
2899,一名,1,5
2900,韩国,1,5
2901,江岸区,1,5
2902,塔子,1,5
2903,湖,1,5
2904,锦绣,1,5
2905,家园,1,5
2906,重症,1,5
2907,上吊自杀,1,5
2908,汝南,1,5
2909,致,1,5
2910,一千多,1,5
2911,襄阳,1,5
2912,市,1,5
2913,襄城区,1,5
2914,生活,1,5
2915,物资,1,5
2916,配送,1,5
2917,山东,1,5
2918,招远,1,5
2919,60,1,5
2920,西门子,1,5
2921,大厦,1,5
2922,包括,1,5
2923,外地人,1,5
2924,医疗机构,1,5
2925,很多,1,5
2926,仙桃,1,5
2927,精神病院,1,5
2928,外逃,1,5
2929,实施,1,5
2930,8,1,5
2931,挖墙,1,5
2932,逃走,1,5
2933,清肺,1,5
2934,排毒,1,5
2935,汤,1,5
2936,疗效,1,5
2937,临床用,1,5
2938,年,1,5
2939,抗疟药,1,5
2940,杭州,1,5
2941,药物,1,5
2942,15,1,5
2943,日,1,5
2944,获批,1,5
2945,上市,1,5
2946,怀疑,1,5
2947,姑姑,1,5
2948,杀害,1,5
2949,3,1,5
2950,体温,1,5
2951,9,1,5
2952,大,1,5
2953,宝宝,1,5
2954,求,1,5
2955,抱抱,1,5
2956,中兴,1,5
2957,南非,1,5
2958,分公司,1,5
2959,员工,1,5
2960,身亡,1,5
2961,公共场所,1,5
2962,停用,1,5
2963,空调,1,5
2964,通风,1,5
2965,系统,1,5
2966,吸新冠,1,5
2967,二手烟,1,5
2968,长沙,1,5
2969,号令,1,5
2970,一家人,1,5
2971,楼上,1,5
2972,撒钱,1,5
2973,千名,1,5
2974,空降,1,5
2975,江苏省,1,5
2976,流鼻涕,1,5
2977,症状,1,5
2978,温州,1,5
2979,顺丰,1,5
2980,快递,1,5
2981,查出,1,5
2982,四例,1,5
2983,所有人,1,5
2984,德国,1,5
2985,采用,1,5
2986,雾化,1,5
2987,手段,1,5
2988,吸痰,1,5
2989,机后,1,5
2990,急救,1,5
2991,第一例,1,5
2992,来自,1,5
2993,美国,1,5
2994,疫苗,1,5
2995,研制成功,1,5
2996,美,1,5
2997,流感,1,5
2998,死者,1,5
2999,死于,1,5
3000,土霉素,1,5
3001,肺部,1,5
3002,损伤,1,5
3003,可逆,1,5
3004,蜂疗,1,5
3005,特效药,1,5
3006,流涕,1,5
3007,潜伏期,1,5
3008,最长,1,5
3009,24,1,5
3010,怀孕,1,5
3011,散步,1,5
3012,老人,1,5
3013,跑,1,5
3014,口罩,55,6
3015,戴,9,6
3016,N95,6,6
3017,消毒,6,6
3018,佩戴,5,6
3019,中国,5,6
3020,企业,4,6
3021,防病毒,4,6
3022,效果,4,6
3023,法国,3,6
3024,领取,3,6
3025,防护服,3,6
3026,越厚,3,6
3027,越,3,6
3028,天,3,6
3029,出门,3,6
3030,感冒,3,6
3031,中,2,6
3032,地区,2,6
3033,高考,2,6
3034,全程,2,6
3035,发布,2,6
3036,上课,2,6
3037,政府,2,6
3038,发,2,6
3039,体育,2,6
3040,风险,2,6
3041,学生,2,6
3042,医用,2,6
3043,生产,2,6
3044,出口,2,6
3045,6,2,6
3046,不,2,6
3047,卖,2,6
3048,更,2,6
3049,真假,2,6
3050,平台,2,6
3051,预约,2,6
3052,购买,2,6
3053,服,2,6
3054,…,2,6
3055,人,2,6
3056,快递,2,6
3057,酒精,2,6
3058,手套,2,6
3059,护目镜,2,6
3060,没,2,6
3061,香油,2,6
3062,滴,2,6
3063,鼻孔,2,6
3064,带,2,6
3065,呼吸阀,2,6
3066,防护,2,6
3067,风油精,2,6
3068,预防,2,6
3069,用过,2,6
3070,煮,2,6
3071,纸巾,2,6
3072,国家,1,6
3073,卫生,1,6
3074,健康,1,6
3075,委疾,1,6
3076,控局,1,6
3077,高风险,1,6
3078,考生,1,6
3079,北京市教委,1,6
3080,条,1,6
3081,校园,1,6
3082,新规,1,6
3083,宝鸡市,1,6
3084,费,1,6
3085,北京,1,6
3086,乘坐,1,6
3087,公共交通,1,6
3088,学校,1,6
3089,应戴,1,6
3090,教育部,1,6
3091,体育课,1,6
3092,莫戴,1,6
3093,测试项目,1,6
3094,调整,1,6
3095,两,1,6
3096,部门,1,6
3097,低,1,6
3098,校园内,1,6
3099,不需,1,6
3100,驻,1,6
3101,大使馆,1,6
3102,委托,1,6
3103,机构,1,6
3104,采购,1,6
3105,专家,1,6
3106,提醒,1,6
3107,参加,1,6
3108,活动,1,6
3109,非,1,6
3110,未,1,6
3111,清单,1,6
3112,宝鸡,1,6
3113,暂停,1,6
3114,酒店,1,6
3115,婚庆,1,6
3116,行业,1,6
3117,统一,1,6
3118,整改,1,6
3119,费微信,1,6
3120,30,1,6
3121,日,1,6
3122,哈医大,1,6
3123,附属,1,6
3124,第一,1,6
3125,医院,1,6
3126,医生,1,6
3127,耳鼻喉科,1,6
3128,封科,1,6
3129,期间,1,6
3130,隐形眼镜,1,6
3131,公司,1,6
3132,提供,1,6
3133,员工,1,6
3134,拒绝,1,6
3135,上班,1,6
3136,捐给,1,6
3137,撕,1,6
3138,碎,1,6
3139,转手,1,6
3140,美国,1,6
3141,科学,1,6
3142,防控,1,6
3143,精准,1,6
3144,肥皂,1,6
3145,洗,1,6
3146,鼻窦,1,6
3147,降低,1,6
3148,肺炎,1,6
3149,熔喷布,1,6
3150,燃烧,1,6
3151,无烟,1,6
3152,无焦,1,6
3153,区分,1,6
3154,商务部,1,6
3155,从未,1,6
3156,禁令,1,6
3157,轻症,1,6
3158,患者,1,6
3159,手,1,6
3160,粘,1,6
3161,唾液,1,6
3162,触碰,1,6
3163,眼口,1,6
3164,鼻会,1,6
3165,加重,1,6
3166,浙江省,1,6
3167,经信厅,1,6
3168,售,1,6
3169,医疗,1,6
3170,耗材,1,6
3171,都,1,6
3172,长垣,1,6
3173,停产,1,6
3174,几十家,1,6
3175,武汉,1,6
3176,黄冈,1,6
3177,荆州,1,6
3178,三市,1,6
3179,市民,1,6
3180,网上,1,6
3181,摇号,1,6
3182,微信,1,6
3183,钱包,1,6
3184,补贴,1,6
3185,重庆,1,6
3186,开州,1,6
3187,商家,1,6
3188,广场,1,6
3189,免费,1,6
3190,发放,1,6
3191,湖北省,1,6
3192,慈善,1,6
3193,总会,1,6
3194,150,1,6
3195,套,1,6
3196,自用,1,6
3197,长颈鹿,1,6
3198,充气,1,6
3199,公鸡,1,6
3200,硬核,1,6
3201,真,1,6
3202,有用,1,6
3203,地方,1,6
3204,可不,1,6
3205,火烧,1,6
3206,不着,1,6
3207,一次性,1,6
3208,正品,1,6
3209,湖北,1,6
3210,仙桃,1,6
3211,有人,1,6
3212,批条,1,6
3213,物资,1,6
3214,名义,1,6
3215,贩卖,1,6
3216,顺丰,1,6
3217,员,1,6
3218,截获,1,6
3219,防水,1,6
3220,鉴别,1,6
3221,吹风机,1,6
3222,吹,1,6
3223,禁止,1,6
3224,售卖,1,6
3225,停止,1,6
3226,收寄,1,6
3227,长沙,1,6
3228,APP,1,6
3229,颜色,1,6
3230,朝外,1,6
3231,阻断,1,6
3232,流感,1,6
3233,瘟疫,1,6
3234,传染,1,6
3235,不戴,1,6
3236,驾车,1,6
3237,被扣,1,6
3238,分,1,6
3239,人中涂,1,6
3240,剪掉,1,6
3241,还,1,6
3242,内垫,1,6
3243,延长,1,6
3244,寿命,1,6
3245,经电,1,6
3246,蒸汽熨斗,1,6
3247,熨烫,1,6
3248,后,1,6
3249,重复使用,1,6
3250,菲律宾,1,6
3251,捐赠,1,6
3252,20,1,6
3253,万,1,6
3254,只,1,6
3255,中间层,1,6
3256,烧,1,6
3257,才,1,6
3258,真的,1,6
3259,防溢,1,6
3260,乳垫,1,6
3261,贴,1,6
3262,内,1,6
3263,可延长,1,6
3264,时间,1,6
3265,里,1,6
3266,垫,1,6
3267,一张,1,6
3268,反复,1,6
3269,15,1,6
3270,秒,1,6
3271,未戴,1,6
3272,接触,1,6
3273,病患,1,6
3274,买不到,1,6
3275,自制,1,6
3276,中涂,1,6
3277,微波炉,1,6
3278,加热,1,6
3279,传播,1,6
3280,多层,1,6
3281,才能,1,6
3282,防住,1,6
3283,身边,1,6
3284,不用,1,6
3285,时,1,6
3286,反着,1,6
3287,剪碎,1,6
3288,开学,48,7
3289,时间,26,7
3290,日,22,7
3291,中小学,10,7
3292,2020,9,7
3293,幼儿园,9,7
3294,网传,8,7
3295,年,8,7
3296,5,8,7
3297,返校,8,7
3298,4,8,7
3299,6,7,7
3300,考试,7,7
3301,学校,7,7
3302,北京,6,7
3303,学生,6,7
3304,不,6,7
3305,3,6,7
3306,定,5,7
3307,通知,5,7
3308,高校,5,7
3309,8,5,7
3310,毕业,5,7
3311,高三,5,7
3312,小学,4,7
3313,全国,4,7
3314,上半年,4,7
3315,复课,4,7
3316,河北,4,7
3317,推迟,4,7
3318,年级,4,7
3319,学期,4,7
3320,北京市,4,7
3321,高考,4,7
3322,教育部,4,7
3323,暑假,3,7
3324,中学,3,7
3325,2,3,7
3326,已,3,7
3327,复学,3,7
3328,延期,3,7
3329,山东,3,7
3330,春季,3,7
3331,天津,3,7
3332,取消,3,7
3333,本学期,3,7
3334,做,3,7
3335,河南,3,7
3336,11,2,7
3337,上海,2,7
3338,初三,2,7
3339,高等教育,2,7
3340,自学,2,7
3341,中小学生,2,7
3342,18,2,7
3343,分批,2,7
3344,-,2,7
3345,湖北,2,7
3346,日至,2,7
3347,15,2,7
3348,英语,2,7
3349,四六级,2,7
3350,太原市,2,7
3351,1,2,7
3352,日前,2,7
3353,山西,2,7
3354,大学,2,7
3355,提前,2,7
3356,延后,2,7
3357,教学,2,7
3358,江西,2,7
3359,发布,2,7
3360,号,2,7
3361,17,2,7
3362,前,2,7
3363,安排,2,7
3364,大中小学,2,7
3365,四川,1,7
3366,乐山,1,7
3367,放假,1,7
3368,福州市,1,7
3369,预报名,1,7
3370,16,1,7
3371,高等学校,1,7
3372,外语,1,7
3373,专业,1,7
3374,四,1,7
3375,八级,1,7
3376,不再,1,7
3377,甘肃省,1,7
3378,特殊教育,1,7
3379,重庆,1,7
3380,放暑假,1,7
3381,黑龙江,1,7
3382,高校学生,1,7
3383,中福会,1,7
3384,贵州,1,7
3385,成高,1,7
3386,学位,1,7
3387,合肥市,1,7
3388,秋季,1,7
3389,24,1,7
3390,全省,1,7
3391,衡水,1,7
3392,民办,1,7
3393,初高中,1,7
3394,月末,1,7
3395,初中,1,7
3396,烟台市,1,7
3397,各学段,1,7
3398,各年级,1,7
3399,深圳,1,7
3400,教师资格,1,7
3401,下半年,1,7
3402,一并,1,7
3403,组织,1,7
3404,内蒙古,1,7
3405,变,1,7
3406,雅思,1,7
3407,托福,1,7
3408,海外,1,7
3409,幼升,1,7
3410,小,1,7
3411,小升初,1,7
3412,预计,1,7
3413,七月,1,7
3414,中考,1,7
3415,19,1,7
3416,西城区,1,7
3417,全体,1,7
3418,毕业班,1,7
3419,口试,1,7
3420,利川,1,7
3421,22,1,7
3422,包头,1,7
3423,海口,1,7
3424,暂缓,1,7
3425,中,1,7
3426,初,1,7
3427,某区,1,7
3428,教委,1,7
3429,初步,1,7
3430,确认,1,7
3431,9,1,7
3432,阳泉,1,7
3433,月份,1,7
3434,定于,1,7
3435,10,1,7
3436,一个月,1,7
3437,吉林省,1,7
3438,13,1,7
3439,线上,1,7
3440,学科,1,7
3441,辽宁省,1,7
3442,日期,1,7
3443,安排表,1,7
3444,山东省,1,7
3445,广东,1,7
3446,逐,1,7
3447,批次,1,7
3448,北京市教委,1,7
3449,受,1,7
3450,影响,1,7
3451,可延长,1,7
3452,期限,1,7
3453,福建省,1,7
3454,教育厅,1,7
3455,工作,1,7
3456,优先,1,7
3457,菏泽,1,7
3458,一中,1,7
3459,即将,1,7
3460,多地,1,7
3461,新乡,1,7
3462,大庆,1,7
3463,肇州县,1,7
3464,第二,1,7
3465,安徽,1,7
3466,黄山,1,7
3467,延长,1,7
3468,毕业生,1,7
3469,择业,1,7
3470,夏季,1,7
3471,研究生,1,7
3472,顺延,1,7
3473,上饶,1,7
3474,各类,1,7
3475,安阳,1,7
3476,自行,1,7
3477,30,1,7
3478,口罩,1,7
3479,原则上,1,7
3480,控制,1,7
3481,大学生,1,7
3482,月初,1,7
3483,内蒙古自治区,1,7
3484,自贡,1,7
3485,徐州,1,7
3486,教育局,1,7
3487,讨论稿,1,7
3488,称,1,7
3489,杭州,1,7
3490,登封,1,7
3491,航空港,1,7
3492,区,1,7
3493,延边,1,7
3494,谣言,1,7
3495,大部分,1,7
3496,核酸,23,8
3497,检测,19,8
3498,阳性,9,8
3499,人员,6,8
3500,武汉,5,8
3501,隔离,3,8
3502,北京,3,8
3503,患者,3,8
3504,酒店,2,8
3505,一个,2,8
3506,医院,2,8
3507,证明,2,8
3508,需,2,8
3509,做,2,8
3510,确诊,2,8
3511,阴性,2,8
3512,邢台,1,8
3513,南宫,1,8
3514,超市,1,8
3515,员工,1,8
3516,去,1,8
3517,新,1,8
3518,发地,1,8
3519,批发,1,8
3520,购物,1,8
3521,现已,1,8
3522,有人,1,8
3523,福州,1,8
3524,客人,1,8
3525,欢乐谷,1,8
3526,游玩,1,8
3527,宋,1,8
3528,呈,1,8
3529,国家,1,8
3530,卫健委,1,8
3531,发热,1,8
3532,门诊,1,8
3533,就诊,1,8
3534,近,1,8
3535,990,1,8
3536,万人,1,8
3537,无症状,1,8
3538,感染者,1,8
3539,检出率,1,8
3540,仅,1,8
3541,0303,1,8
3542,/,1,8
3543,万,1,8
3544,湖南,1,8
3545,浏阳,1,8
3546,派出所,1,8
3547,犯罪,1,8
3548,嫌疑人,1,8
3549,一家人,1,8
3550,只用,1,8
3551,查,1,8
3552,人,1,8
3553,漏检,1,8
3554,居民,1,8
3555,统一安排,1,8
3556,唐山,1,8
3557,科室,1,8
3558,哈尔滨,1,8
3559,发烧,1,8
3560,致,1,8
3561,全科,1,8
3562,等待,1,8
3563,黄牛,1,8
3564,珠海,1,8
3565,兜售,1,8
3566,采样,1,8
3567,全体,1,8
3568,市民,1,8
3569,内蒙古,1,8
3570,巴彦淖尔,1,8
3571,市,1,8
3572,出,1,8
3573,2,1,8
3574,名,1,8
3575,江西,1,8
3576,吉安,1,8
3577,返乡,1,8
3578,探亲,1,8
3579,五一,1,8
3580,离开,1,8
3581,温州,1,8
3582,回来,1,8
3583,自费,1,8
3584,大庆,1,8
3585,新玛特,1,8
3586,商场,1,8
3587,全,1,8
3588,商城,1,8
3589,惠州市,1,8
3590,惠阳区,1,8
3591,1,1,8
3592,人因,1,8
3593,虫,1,8
3594,叮咬,1,8
3595,广州,1,8
3596,白云,1,8
3597,越秀,1,8
3598,1000,1,8
3599,外籍,1,8
3600,4,1,8
3601,12,1,8
3602,进京,1,8
3603,入住,1,8
3604,提供,1,8
3605,七日,1,8
3606,内,1,8
3607,返京,1,8
3608,施行,1,8
3609,全程,1,8
3610,闭环,1,8
3611,管理,1,8
3612,双,1,8
3613,入境,1,8
3614,实施,1,8
3615,宁波,1,8
3616,姜,1,8
3617,山镇,1,8
3618,外来,1,8
3619,务工人员,1,8
3620,镇海区,1,8
3621,病例,1,8
3622,检验,1,8
3623,频繁,1,8
3624,假,1,8
3625,漏诊,1,8
3626,转阴,1,8
3627,后,1,8
3628,复发,1,8
3629,隔离,34,9
3630,人员,26,9
3631,确诊,17,9
3632,上海,16,9
3633,人,13,9
3634,病例,9,9
3635,韩国,8,9
3636,名,7,9
3637,小区,7,9
3638,患者,6,9
3639,酒店,6,9
3640,医院,6,9
3641,输入,6,9
3642,境外,6,9
3643,长春,5,9
3644,一律,5,9
3645,后,5,9
3646,广西,4,9
3647,北京,4,9
3648,沪,4,9
3649,发热,4,9
3650,封,4,9
3651,逃跑,4,9
3652,已,4,9
3653,紧急通知,4,9
3654,点,4,9
3655,口岸,4,9
3656,入境,4,9
3657,回,4,9
3658,不,4,9
3659,回来,4,9
3660,意大利,4,9
3661,多地,4,9
3662,湖北,4,9
3663,发布,4,9
3664,三人,4,9
3665,同行,4,9
3666,多人,3,9
3667,发烧,3,9
3668,中心,3,9
3669,多名,3,9
3670,武汉,3,9
3671,大连,3,9
3672,排查,3,9
3673,跑,3,9
3674,步行街,3,9
3675,去过,3,9
3676,六个,3,9
3677,员工,3,9
3678,网传,3,9
3679,区,3,9
3680,12,3,9
3681,临时,3,9
3682,福州,3,9
3683,去,3,9
3684,200,3,9
3685,4,3,9
3686,日本,3,9
3687,湖南,3,9
3688,都,3,9
3689,日,3,9
3690,70,3,9
3691,体育馆,3,9
3692,6,3,9
3693,车辆,3,9
3694,禁止,2,9
3695,11,2,9
3696,20,2,9
3697,恢复,2,9
3698,吉林,2,9
3699,密切接触,2,9
3700,一人,2,9
3701,同学,2,9
3702,封闭,2,9
3703,张家界,2,9
3704,还,2,9
3705,不用,2,9
3706,量体温,2,9
3707,外籍,2,9
3708,满洲里,2,9
3709,二连浩特,2,9
3710,人民,2,9
3711,留学生,2,9
3712,崇明,2,9
3713,通道,2,9
3714,关闭,2,9
3715,中,2,9
3716,逃离,2,9
3717,上海市,2,9
3718,万人,2,9
3719,城,2,9
3720,发现,2,9
3721,…,2,9
3722,护士,2,9
3723,去世,2,9
3724,郑州,2,9
3725,深圳,2,9
3726,上,2,9
3727,岳阳,2,9
3728,爆发,2,9
3729,中国,2,9
3730,韩,2,9
3731,苏州,2,9
3732,来华,2,9
3733,航班,2,9
3734,青岛,2,9
3735,滞留,2,9
3736,外地,2,9
3737,黄冈,2,9
3738,传销,2,9
3739,拘留,2,9
3740,被查,2,9
3741,通行证,2,9
3742,郑州市,2,9
3743,新增,2,9
3744,身份证,2,9
3745,长沙,2,9
3746,30,1,9
3747,天内,1,9
3748,跨省,1,9
3749,旅游团,1,9
3750,地铁,1,9
3751,号线,1,9
3752,因有,1,9
3753,暂停,1,9
3754,接待,1,9
3755,客人,1,9
3756,致,1,9
3757,嘉里,1,9
3758,3,1,9
3759,常州,1,9
3760,溧阳,1,9
3761,小学,1,9
3762,学生,1,9
3763,紧急,1,9
3764,普王,1,9
3765,摊主,1,9
3766,家,1,9
3767,店铺,1,9
3768,失踪,1,9
3769,沈阳,1,9
3770,线路,1,9
3771,列车员,1,9
3772,接触,1,9
3773,600,1,9
3774,吉林市,1,9
3775,舒兰市,1,9
3776,上千人,1,9
3777,流动,1,9
3778,长春客车厂,1,9
3779,洗衣工,1,9
3780,儿子,1,9
3781,福临,1,9
3782,家园,1,9
3783,现,1,9
3784,长江路,1,9
3785,现已,1,9
3786,武陵源,1,9
3787,病人,1,9
3788,景区,1,9
3789,辽源市,1,9
3790,中心医院,1,9
3791,越南,1,9
3792,工人,1,9
3793,偷渡,1,9
3794,柳州,1,9
3795,做工,1,9
3796,哈尔滨市,1,9
3797,通知,1,9
3798,严格执行,1,9
3799,奉贤,1,9
3800,第一例,1,9
3801,治愈,1,9
3802,复阳,1,9
3803,传给,1,9
3804,家人,1,9
3805,牡丹江市,1,9
3806,市政府,1,9
3807,执行,1,9
3808,保定,1,9
3809,供电局,1,9
3810,全体,1,9
3811,大楼,1,9
3812,佳木斯,1,9
3813,私自,1,9
3814,外出,1,9
3815,入住,1,9
3816,亮码,1,9
3817,广州,1,9
3818,困难,1,9
3819,发,1,9
3820,生活,1,9
3821,补助,1,9
3822,俄罗斯,1,9
3823,飞,1,9
3824,飞机,1,9
3825,降落,1,9
3826,有病,1,9
3827,旅客,1,9
3828,大庆市,1,9
3829,外国人,1,9
3830,广州市,1,9
3831,两名,1,9
3832,带病,1,9
3833,逃脱,1,9
3834,返,1,9
3835,内蒙古,1,9
3836,客运,1,9
3837,受,1,9
3838,性新冠,1,9
3839,肺炎,1,9
3840,影响,1,9
3841,俄,1,9
3842,陆路,1,9
3843,边境,1,9
3844,空姐,1,9
3845,抵京,1,9
3846,去向不明,1,9
3847,800,1,9
3848,芜湖,1,9
3849,方特,1,9
3850,男子,1,9
3851,澳门,1,9
3852,游泳,1,9
3853,珠海,1,9
3854,中老磨,1,9
3855,憨,1,9
3856,冲关,1,9
3857,一家,1,9
3858,全季,1,9
3859,征作,1,9
3860,病房,1,9
3861,取道,1,9
3862,东南亚,1,9
3863,10,1,9
3864,玉佛,1,9
3865,台湾,1,9
3866,杨浦区,1,9
3867,带走,1,9
3868,西湖区,1,9
3869,两个,1,9
3870,出逃,1,9
3871,阜外医院,1,9
3872,偷运,1,9
3873,血样,1,9
3874,出境,1,9
3875,软件园,1,9
3876,回国,1,9
3877,法国,1,9
3878,型,1,9
3879,萧山,1,9
3880,商业城,1,9
3881,逛,1,9
3882,一圈,1,9
3883,大连市,1,9
3884,洗浴,1,9
3885,外国,1,9
3886,顾客,1,9
3887,导致,1,9
3888,720,1,9
3889,人待,1,9
3890,石家庄,1,9
3891,今晚,1,9
3892,6000,1,9
3893,援鄂,1,9
3894,梁小霞,1,9
3895,仍,1,9
3896,抢救,1,9
3897,系,1,9
3898,误传,1,9
3899,返回,1,9
3900,长治,1,9
3901,堂食,1,9
3902,超过,1,9
3903,人算,1,9
3904,聚餐,1,9
3905,福建,1,9
3906,莆田,1,9
3907,身体健康,1,9
3908,出,1,9
3909,陕西,1,9
3910,礼泉,1,9
3911,传染,1,9
3912,时,1,9
3913,中国籍,1,9
3914,外国籍,1,9
3915,区别对待,1,9
3916,齐齐哈尔,1,9
3917,龙江县,1,9
3918,返乡,1,9
3919,部门,1,9
3920,追查,1,9
3921,沙特,1,9
3922,甘肃,1,9
3923,行踪不明,1,9
3924,创新,1,9
3925,大厦,1,9
3926,封锁,1,9
3927,拒绝,1,9
3928,如实,1,9
3929,填报,1,9
3930,健康,1,9
3931,申明,1,9
3932,卡可入,1,9
3933,刑,1,9
3934,意大利人,1,9
3935,郭,1,9
3936,某鹏,1,9
3937,近,1,9
3938,湘阴,1,9
3939,从县,1,9
3940,延长,1,9
3941,供暖,1,9
3942,收费,1,9
3943,发高烧,1,9
3944,动弹,1,9
3945,虹口足球场,1,9
3946,成,1,9
3947,驻,1,9
3948,使馆,1,9
3949,包机,1,9
3950,撤侨,1,9
3951,浙江,1,9
3952,2,1,9
3953,回家,1,9
3954,串门,1,9
3955,访客,1,9
3956,四川,1,9
3957,绵阳,1,9
3958,市委党校,1,9
3959,140,1,9
3960,伊朗,1,9
3961,国家,1,9
3962,来京,1,9
3963,需,1,9
3964,观察,1,9
3965,企业,1,9
3966,提前,1,9
3967,开工,1,9
3968,确认,1,9
3969,余人,1,9
3970,爆满,1,9
3971,一票,1,9
3972,难求,1,9
3973,沈洲,1,9
3974,27,1,9
3975,40,1,9
3976,近期,1,9
3977,自韩,1,9
3978,乘客,1,9
3979,绝大多数,1,9
3980,公民,1,9
3981,会展中心,1,9
3982,大饭店,1,9
3983,韩来长,1,9
3984,南苑,1,9
3985,两,1,9
3986,隐瞒,1,9
3987,病情,1,9
3988,来蓉,1,9
3989,80,1,9
3990,韩籍,1,9
3991,仅,1,9
3992,放行,1,9
3993,人来,1,9
3994,强制,1,9
3995,港人,1,9
3996,安排,1,9
3997,公园,1,9
3998,闲逛,1,9
3999,背,1,9
4000,防疫,1,9
4001,手册,1,9
4002,送医,1,9
4003,哈尔滨,1,9
4004,牡丹江,1,9
4005,警察,1,9
4006,抓获,1,9
4007,鄂,1,9
4008,提供,1,9
4009,救助,1,9
4010,服务,1,9
4011,镇政府,1,9
4012,食堂,1,9
4013,厨师,1,9
4014,波及,1,9
4015,三万多,1,9
4016,唐山,1,9
4017,到处,1,9
4018,乱逛,1,9
4019,江苏省,1,9
4020,内,1,9
4021,卡点,1,9
4022,晚,1,9
4023,拆除,1,9
4024,乱,1,9
4025,上街,1,9
4026,抓,1,9
4027,考,1,9
4028,密卷,1,9
4029,渠道,1,9
4030,医用,1,9
4031,口罩,1,9
4032,销售,1,9
4033,株洲市,1,9
4034,强行,1,9
4035,缴费,1,9
4036,联合,1,9
4037,广场,1,9
4038,保安,1,9
4039,桂林,1,9
4040,桂林市,1,9
4041,临桂,1,9
4042,安徽,1,9
4043,患儿,1,9
4044,入,1,9
4045,瞒报,1,9
4046,合肥,1,9
4047,吃饭,1,9
4048,每人,1,9
4049,罚,1,9
4050,5000,1,9
4051,元,1,9
4052,15,1,9
4053,天,1,9
4054,很多,1,9
4055,平潭,1,9
4056,海关,1,9
4057,卡口,1,9
4058,没,1,9
4059,检查,1,9
4060,许昌市,1,9
4061,政府,1,9
4062,令,1,9
4063,古田,1,9
4064,茶陵,1,9
4065,村庄,1,9
4066,大庆,1,9
4067,未带,1,9
4068,出行,1,9
4069,大,1,9
4070,3000,1,9
4071,例,1,9
4072,福州市,1,9
4073,中医院,1,9
4074,领导,1,9
4075,接诊,1,9
4076,医生,1,9
4077,商场,1,9
4078,柳州市,1,9
4079,定点,1,9
4080,不带,1,9
4081,送到,1,9
4082,非,1,9
4083,户籍,1,9
4084,不再,1,9
4085,列入,1,9
4086,花桥,1,9
4087,收费站,1,9
4088,不准,1,9
4089,跳,1,9
4090,高速,1,9
4091,路口,1,9
4092,栅栏,1,9
4093,逃,1,9
4094,公交,1,9
4095,验,1,9
4096,返程,1,9
4097,火车站,1,9
4098,人山人海,1,9
4099,河南,1,9
4100,第二家,1,9
4101,小汤山,1,9
4102,上街区,1,9
4103,开建,1,9
4104,李兰娟,1,9
4105,说,1,9
4106,桐庐,1,9
4107,阳光,1,9
4108,华庭,1,9
4109,边上,1,9
4110,找到,1,9
4111,封城,1,9
4112,株洲,1,9
4113,户口,1,9
4114,进不了,1,9
4115,进城,1,9
4116,鄂牌,1,9
4117,疾控,1,9
4118,电话,1,9
4119,万,1,9
4120,杭,1,9
4121,外牌,1,9
4122,进沪,1,9
4123,大溪镇,1,9
4124,抓走,1,9
4125,派出,1,9
4126,千名,1,9
4127,医疗,1,9
4128,出租车,1,9
4129,网约车,1,9
4130,停运,1,9
